filename,prediction,confidence
doc_0.html,LABEL_0,0.5292
doc_1.html,LABEL_0,0.5651
doc_2.html,LABEL_0,0.5698
doc_3.html,LABEL_0,0.5687
doc_4.html,LABEL_0,0.5868
doc_10.html,LABEL_0,0.5766
doc_11.html,LABEL_0,0.57
doc_12.html,LABEL_0,0.5655
doc_13.html,LABEL_0,0.5892
doc_14.html,LABEL_0,0.5742
doc_15.html,LABEL_0,0.5835
doc_16.html,LABEL_0,0.5737
doc_17.html,LABEL_0,0.5446
doc_18.html,LABEL_0,0.622
doc_19.html,LABEL_0,0.5529
doc_20.html,LABEL_0,0.5631
doc_21.html,LABEL_0,0.5712
doc_22.html,LABEL_0,0.5612
doc_23.html,LABEL_0,0.5637
doc_24.html,LABEL_0,0.5626
doc_25.html,LABEL_0,0.5625
doc_26.html,LABEL_0,0.5724
doc_27.html,LABEL_0,0.5687
doc_28.html,LABEL_0,0.5599
doc_29.html,LABEL_0,0.5152
doc_30.html,LABEL_0,0.5845
doc_31.html,LABEL_0,0.5589
doc_32.html,LABEL_0,0.5746
doc_33.html,LABEL_0,0.5446
doc_34.html,LABEL_0,0.5532
doc_35.html,LABEL_0,0.5835
doc_36.html,LABEL_0,0.5462
doc_37.html,LABEL_0,0.5439
doc_38.html,LABEL_0,0.5578
doc_39.html,LABEL_0,0.5646
doc_40.html,LABEL_0,0.5835
doc_41.html,LABEL_0,0.584
doc_42.html,LABEL_0,0.5827
doc_43.html,LABEL_0,0.5612
doc_44.html,LABEL_0,0.5028
doc_45.html,LABEL_0,0.5643
doc_46.html,LABEL_0,0.5571
doc_47.html,LABEL_0,0.5418
doc_100.html,LABEL_0,0.5331
doc_101.html,LABEL_0,0.5391
doc_102.html,LABEL_0,0.5687
doc_103.html,LABEL_0,0.5892
doc_104.html,LABEL_0,0.5395
doc_105.html,LABEL_0,0.5956
doc_106.html,LABEL_0,0.5485
doc_107.html,LABEL_0,0.5353
doc_108.html,LABEL_0,0.5346
doc_109.html,LABEL_0,0.5285
doc_110.html,LABEL_0,0.579
doc_111.html,LABEL_0,0.5785
doc_112.html,LABEL_0,0.5586
doc_113.html,LABEL_0,0.5844
doc_114.html,LABEL_0,0.5722
doc_115.html,LABEL_0,0.5364
doc_116.html,LABEL_0,0.5253
doc_117.html,LABEL_0,0.5851
doc_118.html,LABEL_0,0.5167
doc_119.html,LABEL_0,0.532
doc_120.html,LABEL_0,0.5274
doc_121.html,LABEL_0,0.5107
doc_122.html,LABEL_0,0.5337
doc_123.html,LABEL_0,0.5554
doc_124.html,LABEL_0,0.4735
doc_125.html,LABEL_0,0.5748
doc_126.html,LABEL_0,0.574
doc_127.html,LABEL_0,0.5815
doc_128.html,LABEL_0,0.5473
doc_129.html,LABEL_0,0.5866
doc_130.html,LABEL_0,0.5567
doc_131.html,LABEL_0,0.5245
doc_132.html,LABEL_0,0.5828
doc_133.html,LABEL_0,0.5813
doc_134.html,LABEL_0,0.5722
doc_135.html,LABEL_0,0.5396
doc_136.html,LABEL_0,0.5777
doc_137.html,LABEL_0,0.5795
doc_138.html,LABEL_0,0.5789
doc_139.html,LABEL_0,0.5901
doc_140.html,LABEL_0,0.5454
doc_141.html,LABEL_0,0.5731
doc_142.html,LABEL_0,0.5446
doc_143.html,LABEL_0,0.5885
doc_144.html,LABEL_0,0.5473
doc_145.html,LABEL_0,0.5333
doc_146.html,LABEL_0,0.5692
doc_147.html,LABEL_0,0.6252
doc_148.html,LABEL_0,0.5523
doc_149.html,LABEL_0,0.5563
doc_150.html,LABEL_0,0.5667
doc_151.html,LABEL_0,0.5113
doc_152.html,LABEL_0,0.5805
doc_153.html,LABEL_0,0.5608
doc_154.html,LABEL_0,0.5708
doc_155.html,LABEL_0,0.5297
doc_156.html,LABEL_0,0.5434
doc_157.html,LABEL_0,0.5881
doc_158.html,LABEL_0,0.5427
doc_159.html,LABEL_0,0.5063
doc_160.html,LABEL_0,0.5219
doc_161.html,LABEL_0,0.5505
doc_162.html,LABEL_0,0.5748
doc_163.html,LABEL_0,0.5608
doc_164.html,LABEL_0,0.5457
doc_165.html,LABEL_0,0.5195
doc_166.html,LABEL_0,0.5436
doc_167.html,LABEL_0,0.5244
doc_168.html,LABEL_0,0.5293
doc_169.html,LABEL_0,0.5624
doc_170.html,LABEL_0,0.5993
doc_171.html,LABEL_0,0.5341
doc_172.html,LABEL_0,0.5369
doc_173.html,LABEL_0,0.554
doc_174.html,LABEL_0,0.558
doc_175.html,LABEL_0,0.5664
doc_176.html,LABEL_0,0.5391
doc_177.html,LABEL_0,0.6018
doc_178.html,LABEL_0,0.56
doc_179.html,LABEL_0,0.576
doc_180.html,LABEL_0,0.528
doc_181.html,LABEL_0,0.514
doc_182.html,LABEL_0,0.572
doc_183.html,LABEL_0,0.6056
doc_184.html,LABEL_0,0.5633
doc_185.html,LABEL_0,0.5298
doc_186.html,LABEL_0,0.5883
doc_187.html,LABEL_0,0.5805
doc_188.html,LABEL_0,0.5539
doc_189.html,LABEL_0,0.5792
doc_190.html,LABEL_0,0.545
doc_191.html,LABEL_0,0.5489
doc_192.html,LABEL_0,0.5593
doc_193.html,LABEL_0,0.5596
doc_194.html,LABEL_0,0.5632
doc_195.html,LABEL_0,0.5774
doc_196.html,LABEL_0,0.5684
doc_197.html,LABEL_0,0.5887
doc_198.html,LABEL_0,0.5542
doc_199.html,LABEL_0,0.5822
doc_200.html,LABEL_0,0.5382
doc_201.html,LABEL_0,0.5395
doc_202.html,LABEL_0,0.5529
doc_203.html,LABEL_0,0.6022
doc_204.html,LABEL_0,0.5677
doc_205.html,LABEL_0,0.5222
doc_206.html,LABEL_0,0.528
doc_207.html,LABEL_0,0.5192
doc_208.html,LABEL_0,0.5857
doc_209.html,LABEL_0,0.5596
doc_210.html,LABEL_0,0.5474
doc_211.html,LABEL_0,0.5939
doc_212.html,LABEL_0,0.5534
doc_213.html,LABEL_0,0.583
doc_214.html,LABEL_0,0.5939
doc_215.html,LABEL_0,0.5593
doc_216.html,LABEL_0,0.5682
doc_217.html,LABEL_0,0.5694
doc_218.html,LABEL_0,0.579
doc_219.html,LABEL_0,0.5626
doc_220.html,LABEL_0,0.5853
doc_221.html,LABEL_0,0.5826
doc_222.html,LABEL_0,0.5162
doc_223.html,LABEL_0,0.5528
doc_224.html,LABEL_0,0.5561
doc_225.html,LABEL_0,0.5494
doc_226.html,LABEL_0,0.5655
doc_227.html,LABEL_0,0.5763
doc_228.html,LABEL_0,0.6133
doc_229.html,LABEL_0,0.5462
doc_230.html,LABEL_0,0.5859
doc_231.html,LABEL_0,0.5313
doc_232.html,LABEL_0,0.5556
doc_233.html,LABEL_0,0.5696
doc_234.html,LABEL_0,0.5587
doc_235.html,LABEL_0,0.5526
doc_236.html,LABEL_0,0.5145
doc_237.html,LABEL_0,0.5221
doc_238.html,LABEL_0,0.4987
doc_239.html,LABEL_0,0.5678
doc_240.html,LABEL_0,0.5535
doc_241.html,LABEL_0,0.5552
doc_242.html,LABEL_0,0.5569
doc_243.html,LABEL_0,0.5963
doc_244.html,LABEL_0,0.5857
doc_245.html,LABEL_0,0.5977
doc_246.html,LABEL_0,0.5236
doc_247.html,LABEL_0,0.5708
doc_248.html,LABEL_0,0.5314
doc_249.html,LABEL_0,0.5644
doc_250.html,LABEL_0,0.4629
doc_251.html,LABEL_0,0.5088
doc_252.html,LABEL_0,0.5512
doc_253.html,LABEL_0,0.5179
doc_254.html,LABEL_0,0.5483
doc_255.html,LABEL_0,0.5026
doc_256.html,LABEL_0,0.5231
doc_257.html,LABEL_0,0.5111
doc_258.html,LABEL_0,0.5262
doc_259.html,LABEL_0,0.5242
doc_260.html,LABEL_0,0.5244
doc_261.html,LABEL_0,0.5829
doc_262.html,LABEL_0,0.5997
doc_263.html,LABEL_0,0.5637
doc_264.html,LABEL_0,0.5598
doc_265.html,LABEL_0,0.5696
doc_266.html,LABEL_0,0.5924
doc_267.html,LABEL_0,0.5836
doc_268.html,LABEL_0,0.5547
doc_269.html,LABEL_0,0.5716
doc_270.html,LABEL_0,0.5506
doc_271.html,LABEL_0,0.5732
doc_272.html,LABEL_0,0.5821
doc_273.html,LABEL_0,0.584
doc_274.html,LABEL_0,0.5387
doc_275.html,LABEL_0,0.5496
doc_276.html,LABEL_0,0.5854
doc_277.html,LABEL_0,0.5316
doc_278.html,LABEL_0,0.5645
doc_279.html,LABEL_0,0.5667
doc_280.html,LABEL_0,0.5634
doc_281.html,LABEL_0,0.5253
doc_282.html,LABEL_0,0.5433
doc_283.html,LABEL_0,0.5507
doc_284.html,LABEL_0,0.54
doc_285.html,LABEL_0,0.5191
doc_286.html,LABEL_0,0.5213
doc_287.html,LABEL_0,0.5236
doc_288.html,LABEL_0,0.5104
doc_289.html,LABEL_0,0.5487
doc_290.html,LABEL_0,0.5885
doc_291.html,LABEL_0,0.5376
doc_292.html,LABEL_0,0.5334
doc_293.html,LABEL_0,0.5459
doc_294.html,LABEL_0,0.5464
doc_295.html,LABEL_0,0.5926
doc_296.html,LABEL_0,0.5811
doc_297.html,LABEL_0,0.5682
doc_298.html,LABEL_0,0.5839
doc_299.html,LABEL_0,0.571
doc_300.html,LABEL_0,0.5474
doc_301.html,LABEL_0,0.5688
doc_302.html,LABEL_0,0.5285
doc_303.html,LABEL_0,0.5568
doc_304.html,LABEL_0,0.5657
doc_305.html,LABEL_0,0.5736
doc_306.html,LABEL_0,0.5782
doc_307.html,LABEL_0,0.5646
doc_308.html,LABEL_0,0.5545
doc_309.html,LABEL_0,0.5734
doc_310.html,LABEL_0,0.5627
doc_311.html,LABEL_0,0.546
doc_312.html,LABEL_0,0.5799
doc_313.html,LABEL_0,0.5486
doc_314.html,LABEL_0,0.5887
doc_315.html,LABEL_0,0.5863
doc_316.html,LABEL_0,0.5648
doc_317.html,LABEL_0,0.5808
doc_318.html,LABEL_0,0.5583
doc_319.html,LABEL_0,0.5518
doc_320.html,LABEL_0,0.5857
doc_321.html,LABEL_0,0.5804
doc_322.html,LABEL_0,0.5598
doc_323.html,LABEL_0,0.581
doc_324.html,LABEL_0,0.5698
doc_325.html,LABEL_0,0.5697
doc_326.html,LABEL_0,0.5391
doc_327.html,LABEL_0,0.5606
doc_328.html,LABEL_0,0.5789
doc_329.html,LABEL_0,0.5833
doc_330.html,LABEL_0,0.5396
doc_331.html,LABEL_0,0.5444
doc_332.html,LABEL_0,0.5168
doc_333.html,LABEL_0,0.5634
doc_334.html,LABEL_0,0.5775
doc_335.html,LABEL_0,0.5606
doc_336.html,LABEL_0,0.5572
doc_337.html,LABEL_0,0.5588
doc_338.html,LABEL_0,0.52
doc_339.html,LABEL_0,0.5383
doc_340.html,LABEL_0,0.5444
doc_341.html,LABEL_0,0.54
doc_342.html,LABEL_0,0.5539
doc_343.html,LABEL_0,0.5568
doc_344.html,LABEL_1,0.501
doc_345.html,LABEL_1,0.5032
doc_346.html,LABEL_0,0.5787
doc_347.html,LABEL_0,0.5734
doc_348.html,LABEL_0,0.5817
doc_349.html,LABEL_0,0.5238
doc_350.html,LABEL_0,0.5983
doc_351.html,LABEL_0,0.5677
doc_352.html,LABEL_0,0.5901
doc_353.html,LABEL_0,0.5636
doc_354.html,LABEL_0,0.586
doc_355.html,LABEL_0,0.5404
doc_356.html,LABEL_0,0.5772
doc_357.html,LABEL_0,0.5906
doc_358.html,LABEL_0,0.5681
doc_359.html,LABEL_0,0.5329
doc_360.html,LABEL_0,0.5982
doc_361.html,LABEL_0,0.5261
doc_362.html,LABEL_0,0.5933
doc_363.html,LABEL_0,0.5582
doc_364.html,LABEL_0,0.6068
doc_365.html,LABEL_0,0.5528
doc_366.html,LABEL_0,0.5464
doc_367.html,LABEL_0,0.5792
doc_368.html,LABEL_0,0.5825
doc_369.html,LABEL_0,0.5474
doc_370.html,LABEL_0,0.5594
doc_371.html,LABEL_0,0.5458
doc_372.html,LABEL_0,0.5691
doc_373.html,LABEL_0,0.5405
doc_374.html,LABEL_0,0.5644
doc_375.html,LABEL_0,0.5223
doc_376.html,LABEL_0,0.5973
doc_377.html,LABEL_0,0.5955
doc_378.html,LABEL_0,0.5242
doc_379.html,LABEL_0,0.5616
doc_380.html,LABEL_0,0.5968
doc_381.html,LABEL_0,0.5965
doc_382.html,LABEL_0,0.5688
doc_383.html,LABEL_0,0.5784
doc_384.html,LABEL_0,0.5541
doc_385.html,LABEL_0,0.5627
doc_386.html,LABEL_0,0.5592
doc_387.html,LABEL_0,0.5745
doc_388.html,LABEL_0,0.5449
doc_389.html,LABEL_0,0.5632
doc_390.html,LABEL_0,0.5656
doc_391.html,LABEL_0,0.5315
doc_392.html,LABEL_0,0.5142
doc_393.html,LABEL_0,0.5548
doc_394.html,LABEL_0,0.5637
doc_395.html,LABEL_0,0.5342
doc_396.html,LABEL_0,0.5525
doc_397.html,LABEL_0,0.5253
doc_398.html,LABEL_0,0.5552
doc_399.html,LABEL_0,0.5312
doc_400.html,LABEL_0,0.5419
doc_401.html,LABEL_0,0.5065
doc_402.html,LABEL_0,0.5422
doc_403.html,LABEL_0,0.5697
doc_404.html,LABEL_0,0.58
doc_405.html,LABEL_0,0.5771
doc_406.html,LABEL_0,0.5495
doc_407.html,LABEL_0,0.574
doc_408.html,LABEL_0,0.5667
doc_409.html,LABEL_0,0.5723
doc_410.html,LABEL_0,0.5107
doc_411.html,LABEL_0,0.6128
doc_412.html,LABEL_0,0.5679
doc_413.html,LABEL_0,0.5974
doc_414.html,LABEL_0,0.5629
doc_415.html,LABEL_0,0.599
doc_416.html,LABEL_0,0.5971
doc_417.html,LABEL_0,0.5886
doc_418.html,LABEL_0,0.5642
doc_419.html,LABEL_0,0.5691
doc_420.html,LABEL_0,0.594
doc_421.html,LABEL_0,0.5352
doc_422.html,LABEL_0,0.5646
doc_423.html,LABEL_0,0.6037
doc_424.html,LABEL_0,0.5501
doc_425.html,LABEL_0,0.5693
doc_426.html,LABEL_0,0.5788
doc_427.html,LABEL_0,0.585
doc_428.html,LABEL_0,0.5738
doc_429.html,LABEL_0,0.558
doc_430.html,LABEL_0,0.5256
doc_431.html,LABEL_0,0.5004
doc_432.html,LABEL_0,0.5443
doc_433.html,LABEL_0,0.5516
doc_434.html,LABEL_0,0.5337
doc_435.html,LABEL_0,0.5701
doc_436.html,LABEL_0,0.5592
doc_437.html,LABEL_0,0.5336
doc_438.html,LABEL_0,0.5978
doc_439.html,LABEL_0,0.5924
doc_440.html,LABEL_0,0.5336
doc_441.html,LABEL_0,0.6
doc_442.html,LABEL_0,0.5099
doc_443.html,LABEL_0,0.509
doc_444.html,LABEL_0,0.5434
doc_445.html,LABEL_0,0.5673
doc_446.html,LABEL_0,0.5799
doc_447.html,LABEL_0,0.5827
doc_448.html,LABEL_0,0.5457
doc_449.html,LABEL_0,0.586
doc_450.html,LABEL_0,0.5883
doc_451.html,LABEL_0,0.591
doc_452.html,LABEL_0,0.5729
doc_453.html,LABEL_0,0.5833
doc_454.html,LABEL_0,0.5835
doc_455.html,LABEL_0,0.512
doc_456.html,LABEL_0,0.6133
doc_457.html,LABEL_0,0.5592
doc_458.html,LABEL_0,0.6045
doc_459.html,LABEL_0,0.5585
doc_460.html,LABEL_0,0.5517
doc_461.html,LABEL_0,0.5622
doc_462.html,LABEL_0,0.5875
doc_463.html,LABEL_0,0.552
doc_464.html,LABEL_0,0.526
doc_465.html,LABEL_0,0.5696
doc_466.html,LABEL_0,0.5871
doc_467.html,LABEL_0,0.5787
doc_468.html,LABEL_0,0.5496
doc_469.html,LABEL_0,0.56
doc_470.html,LABEL_0,0.5274
doc_471.html,LABEL_0,0.573
doc_472.html,LABEL_0,0.5568
doc_473.html,LABEL_0,0.5933
doc_474.html,LABEL_0,0.5384
doc_475.html,LABEL_0,0.5494
doc_476.html,LABEL_0,0.5847
doc_1000.html,LABEL_0,0.5695
doc_1001.html,LABEL_0,0.5751
doc_1002.html,LABEL_0,0.5655
doc_1003.html,LABEL_0,0.5744
doc_1004.html,LABEL_0,0.5748
doc_1005.html,LABEL_0,0.5504
doc_1006.html,LABEL_0,0.5628
doc_1007.html,LABEL_0,0.5795
doc_1008.html,LABEL_0,0.5444
doc_1009.html,LABEL_0,0.5427
doc_1010.html,LABEL_0,0.5937
doc_1011.html,LABEL_0,0.5404
doc_1012.html,LABEL_0,0.5319
doc_1013.html,LABEL_0,0.5678
doc_1014.html,LABEL_0,0.549
doc_1015.html,LABEL_0,0.5347
doc_1016.html,LABEL_0,0.5095
doc_1017.html,LABEL_0,0.5336
doc_1018.html,LABEL_0,0.5174
doc_1019.html,LABEL_0,0.528
doc_1020.html,LABEL_0,0.5243
doc_1021.html,LABEL_0,0.5301
doc_1022.html,LABEL_0,0.5119
doc_1023.html,LABEL_0,0.5687
doc_1024.html,LABEL_0,0.5506
doc_1025.html,LABEL_0,0.5313
doc_1026.html,LABEL_0,0.5706
doc_1027.html,LABEL_0,0.5469
doc_1028.html,LABEL_0,0.5304
doc_1029.html,LABEL_0,0.5708
doc_1030.html,LABEL_0,0.5264
doc_1031.html,LABEL_0,0.5768
doc_1032.html,LABEL_0,0.5532
doc_1033.html,LABEL_0,0.5613
doc_1034.html,LABEL_0,0.5726
doc_1035.html,LABEL_0,0.5806
doc_1036.html,LABEL_0,0.5553
doc_1037.html,LABEL_0,0.5477
doc_1038.html,LABEL_0,0.5794
doc_1039.html,LABEL_0,0.5654
doc_1040.html,LABEL_0,0.5364
doc_1041.html,LABEL_0,0.5195
doc_1042.html,LABEL_1,0.501
doc_1043.html,LABEL_0,0.556
doc_1044.html,LABEL_0,0.5414
doc_1045.html,LABEL_0,0.5543
doc_1046.html,LABEL_0,0.5418
doc_1047.html,LABEL_0,0.5939
doc_1048.html,LABEL_0,0.5634
doc_1049.html,LABEL_0,0.5244
doc_1050.html,LABEL_0,0.572
doc_1051.html,LABEL_0,0.5881
doc_1052.html,LABEL_0,0.5502
doc_1053.html,LABEL_0,0.537
doc_1054.html,LABEL_0,0.5013
doc_1055.html,LABEL_0,0.5354
doc_1056.html,LABEL_0,0.5643
doc_1057.html,LABEL_0,0.532
doc_1058.html,LABEL_0,0.5417
doc_1059.html,LABEL_0,0.5711
doc_1060.html,LABEL_0,0.6219
doc_1061.html,LABEL_0,0.5536
doc_1062.html,LABEL_0,0.5777
doc_1063.html,LABEL_0,0.5697
doc_1064.html,LABEL_0,0.5691
doc_1065.html,LABEL_0,0.5675
doc_1066.html,LABEL_0,0.5098
doc_1067.html,LABEL_0,0.5236
doc_1068.html,LABEL_0,0.5622
doc_1069.html,LABEL_0,0.569
doc_1070.html,LABEL_0,0.5535
doc_1071.html,LABEL_0,0.56
doc_1072.html,LABEL_0,0.5365
doc_1073.html,LABEL_0,0.5771
doc_1074.html,LABEL_0,0.5404
doc_1075.html,LABEL_0,0.5737
doc_1076.html,LABEL_0,0.5638
doc_1077.html,LABEL_0,0.5673
doc_1078.html,LABEL_0,0.5831
doc_1079.html,LABEL_0,0.5661
doc_1080.html,LABEL_0,0.5456
doc_1081.html,LABEL_0,0.5159
doc_1082.html,LABEL_0,0.5475
doc_1083.html,LABEL_0,0.5858
doc_1084.html,LABEL_0,0.5848
doc_1085.html,LABEL_0,0.5798
doc_1086.html,LABEL_0,0.541
doc_1087.html,LABEL_0,0.5648
doc_1088.html,LABEL_0,0.5579
doc_1089.html,LABEL_0,0.5583
doc_1090.html,LABEL_0,0.5953
doc_1091.html,LABEL_0,0.5723
doc_1092.html,LABEL_0,0.605
doc_1093.html,LABEL_0,0.5468
doc_1094.html,LABEL_0,0.5444
doc_1095.html,LABEL_0,0.5095
doc_1096.html,LABEL_0,0.5155
doc_1097.html,LABEL_0,0.5416
doc_1098.html,LABEL_0,0.521
doc_1099.html,LABEL_1,0.5328
doc_1100.html,LABEL_0,0.516
doc_1101.html,LABEL_0,0.5933
doc_1102.html,LABEL_0,0.5577
doc_1103.html,LABEL_0,0.5491
doc_1104.html,LABEL_0,0.5656
doc_1105.html,LABEL_0,0.5641
doc_1106.html,LABEL_0,0.5769
doc_1107.html,LABEL_0,0.5675
doc_1108.html,LABEL_0,0.5449
doc_1109.html,LABEL_0,0.5452
doc_1110.html,LABEL_0,0.5483
doc_1111.html,LABEL_0,0.5829
doc_1112.html,LABEL_0,0.5467
doc_1113.html,LABEL_0,0.5481
doc_1114.html,LABEL_0,0.5706
doc_1115.html,LABEL_0,0.5114
doc_1116.html,LABEL_0,0.5645
doc_1117.html,LABEL_0,0.5672
doc_1118.html,LABEL_0,0.5133
doc_1119.html,LABEL_0,0.5692
doc_1120.html,LABEL_0,0.5708
doc_1121.html,LABEL_0,0.5967
doc_1122.html,LABEL_1,0.5003
doc_1123.html,LABEL_0,0.6002
doc_1124.html,LABEL_0,0.5342
doc_1125.html,LABEL_0,0.539
doc_1126.html,LABEL_0,0.5512
doc_1127.html,LABEL_0,0.5476
doc_1128.html,LABEL_0,0.5652
doc_1129.html,LABEL_0,0.5123
doc_1130.html,LABEL_0,0.532
doc_1131.html,LABEL_1,0.5079
doc_1132.html,LABEL_0,0.5129
doc_1133.html,LABEL_0,0.5272
doc_1134.html,LABEL_0,0.5163
doc_1135.html,LABEL_0,0.5073
doc_1136.html,LABEL_0,0.5941
doc_1137.html,LABEL_0,0.5813
doc_1138.html,LABEL_0,0.5848
doc_1139.html,LABEL_0,0.5505
doc_1140.html,LABEL_0,0.6005
doc_1141.html,LABEL_0,0.5513
doc_1142.html,LABEL_0,0.5858
doc_1143.html,LABEL_0,0.5744
doc_1144.html,LABEL_0,0.5821
doc_1145.html,LABEL_0,0.59
doc_1146.html,LABEL_0,0.5748
doc_1147.html,LABEL_0,0.5943
doc_1148.html,LABEL_0,0.5644
doc_1149.html,LABEL_0,0.5954
doc_1150.html,LABEL_0,0.5691
doc_1151.html,LABEL_0,0.5959
doc_1152.html,LABEL_0,0.527
doc_1153.html,LABEL_0,0.563
doc_1154.html,LABEL_0,0.553
doc_1155.html,LABEL_0,0.5127
doc_1156.html,LABEL_0,0.5263
doc_1157.html,LABEL_0,0.5215
doc_1158.html,LABEL_0,0.5515
doc_1159.html,LABEL_0,0.5226
doc_1160.html,LABEL_0,0.5392
doc_1161.html,LABEL_0,0.5539
doc_1162.html,LABEL_0,0.5528
doc_1163.html,LABEL_0,0.5282
doc_1164.html,LABEL_0,0.5233
doc_1165.html,LABEL_0,0.5299
doc_1166.html,LABEL_0,0.5227
doc_1167.html,LABEL_0,0.5161
doc_1168.html,LABEL_0,0.5275
doc_1169.html,LABEL_0,0.5412
doc_1170.html,LABEL_0,0.5026
doc_1171.html,LABEL_0,0.5339
doc_1172.html,LABEL_1,0.5041
doc_1173.html,LABEL_0,0.5152
doc_1174.html,LABEL_0,0.5108
doc_1175.html,LABEL_1,0.5369
doc_1177.html,LABEL_0,0.5815
doc_1178.html,LABEL_0,0.531
doc_1179.html,LABEL_0,0.5798
doc_1180.html,LABEL_0,0.5727
doc_1181.html,LABEL_0,0.6001
doc_1182.html,LABEL_0,0.5955
doc_1183.html,LABEL_0,0.5632
doc_1184.html,LABEL_0,0.585
doc_1185.html,LABEL_0,0.5747
doc_1186.html,LABEL_0,0.5747
doc_1187.html,LABEL_0,0.58
doc_1188.html,LABEL_0,0.5544
doc_1189.html,LABEL_0,0.5424
doc_1190.html,LABEL_0,0.5251
doc_1191.html,LABEL_0,0.5911
doc_1192.html,LABEL_0,0.5456
doc_1193.html,LABEL_0,0.5369
doc_1194.html,LABEL_0,0.5775
doc_1195.html,LABEL_0,0.5611
doc_1196.html,LABEL_0,0.5584
doc_1197.html,LABEL_0,0.5735
doc_1198.html,LABEL_0,0.5397
doc_1199.html,LABEL_0,0.5455
doc_1200.html,LABEL_0,0.5284
doc_1201.html,LABEL_0,0.533
doc_1202.html,LABEL_0,0.5337
doc_1203.html,LABEL_0,0.5356
doc_1204.html,LABEL_0,0.5714
doc_1205.html,LABEL_0,0.5347
doc_1206.html,LABEL_0,0.5351
doc_1207.html,LABEL_0,0.5385
doc_1208.html,LABEL_0,0.545
doc_1209.html,LABEL_0,0.51
doc_1210.html,LABEL_0,0.5139
doc_1211.html,LABEL_0,0.5104
doc_1212.html,LABEL_0,0.5098
doc_1213.html,LABEL_0,0.5215
doc_1214.html,LABEL_0,0.51
doc_1215.html,LABEL_0,0.536
doc_1216.html,LABEL_0,0.5725
doc_1217.html,LABEL_0,0.5467
doc_1218.html,LABEL_1,0.5189
doc_1219.html,LABEL_0,0.529
doc_1220.html,LABEL_0,0.5253
doc_1221.html,LABEL_0,0.5413
doc_1222.html,LABEL_0,0.5231
doc_1223.html,LABEL_0,0.5885
doc_1224.html,LABEL_0,0.5758
doc_1225.html,LABEL_0,0.5995
doc_1226.html,LABEL_0,0.5813
doc_1227.html,LABEL_0,0.5742
doc_1228.html,LABEL_0,0.5599
doc_1229.html,LABEL_0,0.5228
doc_1230.html,LABEL_0,0.5334
doc_1231.html,LABEL_0,0.5531
doc_1232.html,LABEL_0,0.5835
doc_1233.html,LABEL_0,0.5607
doc_1234.html,LABEL_0,0.5878
doc_1235.html,LABEL_0,0.5472
doc_1236.html,LABEL_0,0.6148
doc_1237.html,LABEL_0,0.5605
doc_1238.html,LABEL_0,0.5914
doc_1239.html,LABEL_0,0.5823
doc_1240.html,LABEL_0,0.5785
doc_1241.html,LABEL_1,0.5239
doc_1242.html,LABEL_0,0.557
doc_1243.html,LABEL_0,0.5443
doc_1244.html,LABEL_0,0.5698
doc_1245.html,LABEL_0,0.5805
doc_1246.html,LABEL_0,0.5742
doc_1247.html,LABEL_0,0.622
doc_1248.html,LABEL_0,0.5391
doc_1249.html,LABEL_0,0.5586
doc_1250.html,LABEL_0,0.5911
doc_1251.html,LABEL_0,0.5834
doc_1252.html,LABEL_0,0.565
doc_1253.html,LABEL_0,0.531
doc_1254.html,LABEL_0,0.5389
doc_1255.html,LABEL_0,0.5334
doc_1256.html,LABEL_0,0.5668
doc_1257.html,LABEL_0,0.5128
doc_1258.html,LABEL_0,0.5514
doc_1259.html,LABEL_0,0.54
doc_1260.html,LABEL_0,0.5351
doc_1261.html,LABEL_0,0.5405
doc_1262.html,LABEL_0,0.5233
doc_1263.html,LABEL_0,0.5253
doc_1264.html,LABEL_0,0.5248
doc_1265.html,LABEL_0,0.5174
doc_1266.html,LABEL_0,0.5326
doc_1267.html,LABEL_1,0.5028
doc_1268.html,LABEL_0,0.544
doc_1269.html,LABEL_0,0.5044
doc_1270.html,LABEL_0,0.5147
doc_1271.html,LABEL_0,0.5215
doc_1272.html,LABEL_0,0.5331
doc_1273.html,LABEL_0,0.5199
doc_1274.html,LABEL_0,0.5089
doc_1275.html,LABEL_0,0.5129
doc_1276.html,LABEL_0,0.6027
doc_1277.html,LABEL_0,0.5726
doc_1278.html,LABEL_0,0.5596
doc_1279.html,LABEL_0,0.5844
doc_1280.html,LABEL_0,0.553
doc_1281.html,LABEL_0,0.5774
doc_1282.html,LABEL_0,0.5812
doc_1283.html,LABEL_0,0.5776
doc_1284.html,LABEL_0,0.5874
doc_1285.html,LABEL_0,0.5554
doc_1286.html,LABEL_0,0.5949
doc_1287.html,LABEL_0,0.5543
doc_1288.html,LABEL_0,0.5826
doc_1289.html,LABEL_0,0.5311
doc_1290.html,LABEL_0,0.583
doc_1291.html,LABEL_0,0.5856
doc_1292.html,LABEL_1,0.5132
doc_1293.html,LABEL_0,0.5515
doc_1294.html,LABEL_0,0.5577
doc_1295.html,LABEL_0,0.5193
doc_1296.html,LABEL_0,0.5698
doc_1297.html,LABEL_0,0.5251
doc_1298.html,LABEL_0,0.5239
doc_1299.html,LABEL_0,0.5496
doc_1300.html,LABEL_0,0.5587
doc_1301.html,LABEL_0,0.5289
doc_1302.html,LABEL_0,0.5124
doc_1303.html,LABEL_0,0.5397
doc_1304.html,LABEL_0,0.5009
doc_1305.html,LABEL_0,0.5021
doc_1306.html,LABEL_1,0.5058
doc_1308.html,LABEL_0,0.5335
doc_1309.html,LABEL_1,0.5055
doc_1310.html,LABEL_0,0.5259
doc_1311.html,LABEL_1,0.5201
doc_1312.html,LABEL_0,0.5282
doc_1313.html,LABEL_1,0.5004
doc_1314.html,LABEL_0,0.5995
doc_1315.html,LABEL_0,0.5658
doc_1316.html,LABEL_0,0.577
doc_1317.html,LABEL_0,0.5823
doc_1318.html,LABEL_0,0.5415
doc_1319.html,LABEL_0,0.564
doc_1320.html,LABEL_0,0.593
doc_1321.html,LABEL_0,0.5418
doc_1322.html,LABEL_0,0.5742
doc_1323.html,LABEL_0,0.5652
doc_1324.html,LABEL_0,0.5482
doc_1325.html,LABEL_0,0.5873
doc_1326.html,LABEL_0,0.5412
doc_1327.html,LABEL_0,0.5412
doc_1328.html,LABEL_0,0.5829
doc_1329.html,LABEL_0,0.5415
doc_1330.html,LABEL_0,0.5457
doc_1331.html,LABEL_0,0.5432
doc_1332.html,LABEL_0,0.5116
doc_1333.html,LABEL_0,0.5702
doc_1334.html,LABEL_0,0.5357
doc_1335.html,LABEL_0,0.5034
doc_1336.html,LABEL_0,0.605
doc_1337.html,LABEL_0,0.5029
doc_1338.html,LABEL_1,0.5109
doc_1339.html,LABEL_0,0.5218
doc_1340.html,LABEL_0,0.5574
doc_1341.html,LABEL_0,0.5294
doc_1342.html,LABEL_0,0.5206
doc_1343.html,LABEL_0,0.5063
doc_1344.html,LABEL_0,0.5127
doc_1345.html,LABEL_0,0.5418
doc_1346.html,LABEL_0,0.5284
doc_1347.html,LABEL_0,0.5073
doc_1348.html,LABEL_0,0.5039
doc_1349.html,LABEL_1,0.527
doc_1350.html,LABEL_0,0.5528
doc_1351.html,LABEL_0,0.5601
doc_1352.html,LABEL_0,0.5759
doc_1353.html,LABEL_0,0.5708
doc_1354.html,LABEL_0,0.5571
doc_1355.html,LABEL_0,0.5449
doc_1356.html,LABEL_0,0.552
doc_1357.html,LABEL_0,0.5609
doc_1358.html,LABEL_0,0.5336
doc_1359.html,LABEL_0,0.55
doc_1360.html,LABEL_0,0.5401
doc_1361.html,LABEL_0,0.5753
doc_1362.html,LABEL_0,0.5326
doc_1363.html,LABEL_0,0.52
doc_1364.html,LABEL_0,0.5133
doc_1365.html,LABEL_0,0.5274
doc_1366.html,LABEL_0,0.5525
doc_1367.html,LABEL_0,0.5645
doc_1368.html,LABEL_0,0.5163
doc_1369.html,LABEL_0,0.5041
doc_1370.html,LABEL_1,0.5111
doc_1371.html,LABEL_0,0.5147
doc_1372.html,LABEL_0,0.5829
doc_1373.html,LABEL_0,0.5411
doc_1374.html,LABEL_0,0.582
doc_1375.html,LABEL_0,0.5302
doc_1376.html,LABEL_0,0.5541
doc_1377.html,LABEL_0,0.5957
doc_1378.html,LABEL_0,0.5625
doc_1379.html,LABEL_1,0.5029
doc_1380.html,LABEL_0,0.5311
doc_1381.html,LABEL_0,0.5337
doc_1382.html,LABEL_0,0.527
doc_1383.html,LABEL_0,0.516
doc_1384.html,LABEL_0,0.5798
doc_1385.html,LABEL_0,0.5632
doc_1386.html,LABEL_0,0.56
doc_1387.html,LABEL_0,0.542
doc_1388.html,LABEL_0,0.5762
doc_1389.html,LABEL_0,0.5349
doc_1390.html,LABEL_0,0.5607
doc_1391.html,LABEL_0,0.5304
doc_1392.html,LABEL_0,0.5099
doc_1393.html,LABEL_1,0.5254
doc_1394.html,LABEL_0,0.5432
doc_1395.html,LABEL_0,0.556
doc_1396.html,LABEL_0,0.5742
doc_1397.html,LABEL_0,0.5793
doc_1398.html,LABEL_0,0.5666
doc_1399.html,LABEL_0,0.5583
doc_1400.html,LABEL_0,0.5766
doc_1401.html,LABEL_0,0.5608
doc_1402.html,LABEL_0,0.5974
doc_1403.html,LABEL_0,0.5376
doc_1404.html,LABEL_0,0.5122
doc_1405.html,LABEL_0,0.5305
doc_1406.html,LABEL_0,0.5526
doc_1407.html,LABEL_0,0.5957
doc_1408.html,LABEL_0,0.5608
doc_1409.html,LABEL_0,0.5838
doc_1410.html,LABEL_0,0.5452
doc_1411.html,LABEL_0,0.6052
doc_1412.html,LABEL_0,0.5594
doc_1413.html,LABEL_0,0.5583
doc_1414.html,LABEL_0,0.5425
doc_1415.html,LABEL_0,0.5612
doc_1416.html,LABEL_0,0.5562
doc_1417.html,LABEL_0,0.5518
doc_1418.html,LABEL_0,0.5675
doc_1419.html,LABEL_0,0.5271
doc_1420.html,LABEL_0,0.5286
doc_1421.html,LABEL_0,0.5272
doc_1422.html,LABEL_1,0.5063
doc_1423.html,LABEL_0,0.5244
doc_1424.html,LABEL_1,0.5124
doc_1425.html,LABEL_0,0.5655
doc_1426.html,LABEL_0,0.5759
doc_1427.html,LABEL_0,0.5716
doc_1428.html,LABEL_0,0.5488
doc_1429.html,LABEL_0,0.5766
doc_1430.html,LABEL_0,0.5719
doc_1431.html,LABEL_0,0.593
doc_1432.html,LABEL_0,0.543
doc_1433.html,LABEL_0,0.5422
doc_1434.html,LABEL_0,0.5134
doc_1435.html,LABEL_0,0.5226
doc_1436.html,LABEL_0,0.534
doc_1437.html,LABEL_0,0.5713
doc_1438.html,LABEL_0,0.551
doc_1439.html,LABEL_0,0.5769
doc_1440.html,LABEL_0,0.5531
doc_1441.html,LABEL_0,0.5584
doc_1442.html,LABEL_0,0.577
doc_1443.html,LABEL_0,0.5341
doc_1444.html,LABEL_0,0.5269
doc_1446.html,LABEL_0,0.5566
doc_1447.html,LABEL_0,0.5079
doc_1448.html,LABEL_0,0.5058
doc_1449.html,LABEL_0,0.5652
doc_1450.html,LABEL_0,0.5585
doc_1451.html,LABEL_0,0.5467
doc_1452.html,LABEL_0,0.5363
doc_1453.html,LABEL_0,0.5649
doc_1454.html,LABEL_0,0.5239
doc_1455.html,LABEL_0,0.5196
doc_1456.html,LABEL_0,0.5531
doc_1457.html,LABEL_0,0.5336
doc_1458.html,LABEL_0,0.5285
doc_1459.html,LABEL_0,0.5218
doc_1460.html,LABEL_0,0.5028
doc_1461.html,LABEL_0,0.5234
doc_1462.html,LABEL_0,0.5236
doc_1463.html,LABEL_0,0.5054
doc_1464.html,LABEL_0,0.5017
doc_1465.html,LABEL_1,0.5049
doc_1467.html,LABEL_0,0.5676
doc_1468.html,LABEL_0,0.5695
doc_1469.html,LABEL_0,0.5688
doc_1470.html,LABEL_0,0.5774
doc_1471.html,LABEL_0,0.5237
doc_1472.html,LABEL_0,0.5633
doc_1473.html,LABEL_0,0.5573
doc_1474.html,LABEL_0,0.5937
doc_1475.html,LABEL_0,0.5577
doc_1476.html,LABEL_0,0.5585
doc_1477.html,LABEL_0,0.52
doc_1478.html,LABEL_0,0.5338
doc_1479.html,LABEL_0,0.5675
doc_1480.html,LABEL_0,0.5253
doc_1481.html,LABEL_0,0.5197
doc_1482.html,LABEL_0,0.5205
doc_1483.html,LABEL_0,0.5215
doc_1484.html,LABEL_0,0.5038
doc_1485.html,LABEL_1,0.5988
doc_1486.html,LABEL_1,0.5288
doc_1487.html,LABEL_0,0.5391
doc_1488.html,LABEL_0,0.5768
doc_1489.html,LABEL_0,0.617
doc_1490.html,LABEL_0,0.5322
doc_1491.html,LABEL_0,0.5582
doc_1492.html,LABEL_0,0.5548
doc_1493.html,LABEL_0,0.5654
doc_1494.html,LABEL_0,0.5732
doc_1495.html,LABEL_0,0.5769
doc_1496.html,LABEL_0,0.5375
doc_1497.html,LABEL_0,0.5502
doc_1498.html,LABEL_0,0.5425
doc_1499.html,LABEL_0,0.5185
doc_1500.html,LABEL_0,0.5289
doc_1501.html,LABEL_0,0.5063
doc_1502.html,LABEL_0,0.5211
doc_1503.html,LABEL_0,0.5171
doc_1504.html,LABEL_0,0.5341
doc_1505.html,LABEL_0,0.5674
doc_1506.html,LABEL_0,0.5912
doc_1507.html,LABEL_0,0.5955
doc_1508.html,LABEL_0,0.5374
doc_1509.html,LABEL_0,0.5822
doc_1510.html,LABEL_0,0.5633
doc_1511.html,LABEL_0,0.5426
doc_1512.html,LABEL_0,0.5504
doc_1513.html,LABEL_0,0.5392
doc_1514.html,LABEL_0,0.5037
doc_1515.html,LABEL_1,0.5676
doc_1516.html,LABEL_0,0.5151
doc_1517.html,LABEL_0,0.5811
doc_1518.html,LABEL_0,0.5597
doc_1519.html,LABEL_0,0.575
doc_1520.html,LABEL_0,0.5482
doc_1521.html,LABEL_0,0.579
doc_1522.html,LABEL_0,0.5442
doc_1523.html,LABEL_0,0.5596
doc_1524.html,LABEL_0,0.5255
doc_1525.html,LABEL_0,0.5001
doc_1526.html,LABEL_0,0.5209
doc_1527.html,LABEL_0,0.5245
doc_1528.html,LABEL_0,0.5254
doc_1529.html,LABEL_0,0.5492
doc_1530.html,LABEL_0,0.5287
doc_1531.html,LABEL_0,0.5404
doc_1532.html,LABEL_0,0.5131
doc_1533.html,LABEL_0,0.5785
doc_1534.html,LABEL_0,0.5839
doc_1535.html,LABEL_0,0.5911
doc_1536.html,LABEL_0,0.5662
doc_1537.html,LABEL_0,0.5157
doc_1538.html,LABEL_0,0.5643
doc_1539.html,LABEL_0,0.5454
doc_1540.html,LABEL_0,0.5965
doc_1541.html,LABEL_0,0.5687
doc_1542.html,LABEL_0,0.5962
doc_1543.html,LABEL_0,0.5131
doc_1544.html,LABEL_0,0.5481
doc_1545.html,LABEL_0,0.5599
doc_1546.html,LABEL_0,0.5376
doc_1547.html,LABEL_0,0.5421
doc_1548.html,LABEL_0,0.5465
doc_1549.html,LABEL_0,0.6164
doc_1550.html,LABEL_0,0.5431
doc_1552.html,LABEL_0,0.5723
doc_1553.html,LABEL_0,0.5936
doc_1554.html,LABEL_0,0.5329
doc_1555.html,LABEL_0,0.581
doc_1556.html,LABEL_0,0.506
doc_1557.html,LABEL_1,0.5054
doc_1558.html,LABEL_0,0.5641
doc_1559.html,LABEL_0,0.5877
doc_1560.html,LABEL_0,0.5593
doc_1561.html,LABEL_0,0.5827
doc_1562.html,LABEL_0,0.5336
doc_1563.html,LABEL_0,0.5372
doc_1564.html,LABEL_0,0.5563
doc_1565.html,LABEL_0,0.5804
doc_1566.html,LABEL_0,0.5519
doc_1567.html,LABEL_0,0.566
doc_1568.html,LABEL_0,0.5727
doc_1569.html,LABEL_0,0.5471
doc_1570.html,LABEL_0,0.5078
doc_1571.html,LABEL_0,0.5098
doc_1572.html,LABEL_0,0.523
doc_1573.html,LABEL_0,0.5665
doc_1574.html,LABEL_0,0.5216
doc_1575.html,LABEL_0,0.5731
doc_1576.html,LABEL_0,0.5358
doc_1577.html,LABEL_0,0.5378
doc_1578.html,LABEL_0,0.5473
doc_1579.html,LABEL_0,0.5764
doc_1580.html,LABEL_0,0.5818
doc_1581.html,LABEL_0,0.5995
doc_1582.html,LABEL_0,0.5375
doc_1583.html,LABEL_1,0.505
doc_1584.html,LABEL_0,0.5931
doc_1585.html,LABEL_0,0.6146
doc_1586.html,LABEL_0,0.6633
doc_1587.html,LABEL_0,0.6836
doc_1588.html,LABEL_0,0.6618
doc_1589.html,LABEL_0,0.5696
doc_1590.html,LABEL_0,0.7494
doc_1591.html,LABEL_0,0.6171
doc_1592.html,LABEL_0,0.6578
doc_1593.html,LABEL_0,0.7806
doc_1594.html,LABEL_0,0.616
doc_1595.html,LABEL_0,0.6804
doc_1596.html,LABEL_0,0.748
doc_1597.html,LABEL_0,0.6861
doc_1598.html,LABEL_0,0.6981
doc_1599.html,LABEL_0,0.5361
doc_1600.html,LABEL_0,0.6802
doc_1601.html,LABEL_0,0.6194
doc_1602.html,LABEL_0,0.6198
doc_1603.html,LABEL_0,0.7229
doc_1604.html,LABEL_1,0.5096
doc_1605.html,LABEL_0,0.6519
doc_1606.html,LABEL_0,0.6488
doc_1607.html,LABEL_0,0.6901
doc_1608.html,LABEL_0,0.7577
doc_1609.html,LABEL_0,0.703
doc_1610.html,LABEL_0,0.7045
doc_1611.html,LABEL_0,0.5035
doc_1612.html,LABEL_0,0.5453
doc_1613.html,LABEL_0,0.5283
doc_1614.html,LABEL_0,0.5797
doc_1615.html,LABEL_0,0.577
doc_1616.html,LABEL_0,0.6987
doc_1617.html,LABEL_0,0.6443
doc_1618.html,LABEL_0,0.6138
doc_1619.html,LABEL_0,0.688
doc_1620.html,LABEL_0,0.5127
doc_1621.html,LABEL_0,0.573
doc_1622.html,LABEL_0,0.6049
doc_1623.html,LABEL_0,0.6065
doc_1624.html,LABEL_1,0.5222
doc_1625.html,LABEL_0,0.6609
doc_1626.html,LABEL_0,0.6853
doc_1627.html,LABEL_0,0.6041
doc_1628.html,LABEL_0,0.6675
doc_1629.html,LABEL_0,0.6442
doc_1630.html,LABEL_0,0.6663
doc_1631.html,LABEL_0,0.6733
doc_1632.html,LABEL_0,0.6006
doc_1633.html,LABEL_0,0.6315
doc_1634.html,LABEL_0,0.692
doc_1635.html,LABEL_0,0.7225
doc_1636.html,LABEL_0,0.7342
doc_1637.html,LABEL_0,0.6968
doc_1638.html,LABEL_0,0.7197
doc_1639.html,LABEL_0,0.6004
doc_1640.html,LABEL_0,0.6185
doc_1641.html,LABEL_0,0.6905
doc_1642.html,LABEL_0,0.5762
doc_1643.html,LABEL_0,0.5676
doc_1644.html,LABEL_0,0.6704
doc_1645.html,LABEL_0,0.6324
doc_1646.html,LABEL_0,0.6253
doc_1647.html,LABEL_0,0.5864
doc_1648.html,LABEL_0,0.5301
doc_1649.html,LABEL_0,0.5966
doc_1650.html,LABEL_0,0.6451
doc_1651.html,LABEL_0,0.6331
doc_1652.html,LABEL_0,0.5019
doc_1653.html,LABEL_0,0.5812
doc_1654.html,LABEL_1,0.5189
doc_1655.html,LABEL_0,0.6595
doc_1656.html,LABEL_0,0.558
doc_1657.html,LABEL_0,0.5719
doc_1658.html,LABEL_0,0.5678
doc_1659.html,LABEL_0,0.6492
doc_1660.html,LABEL_0,0.6634
doc_1661.html,LABEL_1,0.5077
doc_1662.html,LABEL_0,0.6447
doc_1663.html,LABEL_0,0.7063
doc_1664.html,LABEL_0,0.653
doc_1665.html,LABEL_0,0.6288
doc_1666.html,LABEL_1,0.554
doc_1667.html,LABEL_0,0.729
doc_1668.html,LABEL_0,0.686
doc_1669.html,LABEL_0,0.609
doc_1670.html,LABEL_0,0.5758
doc_1671.html,LABEL_0,0.6177
doc_1672.html,LABEL_0,0.6172
doc_1673.html,LABEL_0,0.6942
doc_1674.html,LABEL_0,0.6693
doc_1675.html,LABEL_0,0.6028
doc_1676.html,LABEL_0,0.6043
doc_1677.html,LABEL_0,0.5255
doc_1678.html,LABEL_0,0.5954
doc_1679.html,LABEL_0,0.6065
doc_1680.html,LABEL_0,0.5361
doc_1681.html,LABEL_0,0.6608
doc_1682.html,LABEL_0,0.5987
doc_1683.html,LABEL_0,0.5044
doc_1684.html,LABEL_0,0.5961
doc_1685.html,LABEL_0,0.6229
doc_1686.html,LABEL_0,0.6052
doc_1687.html,LABEL_0,0.7087
doc_1688.html,LABEL_0,0.6908
doc_1689.html,LABEL_0,0.6812
doc_1690.html,LABEL_0,0.6626
doc_1691.html,LABEL_0,0.7168
doc_1692.html,LABEL_0,0.6567
doc_1693.html,LABEL_0,0.6796
doc_1694.html,LABEL_0,0.7412
doc_1695.html,LABEL_0,0.5919
doc_1696.html,LABEL_0,0.7006
doc_1697.html,LABEL_0,0.712
doc_1698.html,LABEL_0,0.7434
doc_1699.html,LABEL_0,0.7606
doc_1700.html,LABEL_0,0.7515
doc_1701.html,LABEL_0,0.7196
doc_1702.html,LABEL_0,0.6309
doc_1704.html,LABEL_0,0.6805
doc_1705.html,LABEL_0,0.5082
doc_1706.html,LABEL_0,0.5102
doc_1707.html,LABEL_0,0.6342
doc_1708.html,LABEL_0,0.5894
doc_1709.html,LABEL_0,0.6239
doc_1710.html,LABEL_0,0.6175
doc_1711.html,LABEL_0,0.5892
doc_1712.html,LABEL_0,0.5578
doc_1713.html,LABEL_0,0.5664
doc_1714.html,LABEL_0,0.5535
doc_1715.html,LABEL_0,0.5283
doc_1716.html,LABEL_0,0.6585
doc_1717.html,LABEL_0,0.7007
doc_1718.html,LABEL_0,0.6047
doc_1719.html,LABEL_0,0.7418
doc_1720.html,LABEL_0,0.6136
doc_1721.html,LABEL_0,0.5675
doc_1722.html,LABEL_0,0.6222
doc_1723.html,LABEL_0,0.7095
doc_1724.html,LABEL_0,0.7483
doc_1725.html,LABEL_0,0.679
doc_1726.html,LABEL_0,0.6272
doc_1727.html,LABEL_0,0.6977
doc_1728.html,LABEL_0,0.6735
doc_1729.html,LABEL_0,0.5408
doc_1730.html,LABEL_0,0.5967
doc_1731.html,LABEL_0,0.5508
doc_1732.html,LABEL_0,0.6274
doc_1733.html,LABEL_0,0.6862
doc_1734.html,LABEL_0,0.5945
doc_1735.html,LABEL_0,0.5949
doc_1736.html,LABEL_0,0.5849
doc_1737.html,LABEL_0,0.6076
doc_1738.html,LABEL_0,0.5667
doc_1739.html,LABEL_0,0.6138
doc_1740.html,LABEL_0,0.5338
doc_1741.html,LABEL_0,0.7113
doc_1742.html,LABEL_0,0.5975
doc_1743.html,LABEL_0,0.5576
doc_1744.html,LABEL_0,0.5814
doc_1745.html,LABEL_0,0.5356
doc_1746.html,LABEL_0,0.557
doc_1747.html,LABEL_0,0.6042
doc_1748.html,LABEL_0,0.5772
doc_1749.html,LABEL_0,0.5916
doc_1750.html,LABEL_0,0.579
doc_1751.html,LABEL_0,0.6074
doc_1752.html,LABEL_0,0.7009
doc_1753.html,LABEL_1,0.5146
doc_1754.html,LABEL_0,0.5368
doc_1755.html,LABEL_0,0.6864
doc_1757.html,LABEL_0,0.7227
doc_1758.html,LABEL_0,0.6871
doc_1759.html,LABEL_0,0.676
doc_1760.html,LABEL_0,0.6627
doc_1761.html,LABEL_0,0.7124
doc_1762.html,LABEL_0,0.6453
doc_1763.html,LABEL_0,0.7449
doc_1764.html,LABEL_0,0.6365
doc_1765.html,LABEL_0,0.6459
doc_1766.html,LABEL_0,0.7451
doc_1767.html,LABEL_0,0.6928
doc_1768.html,LABEL_0,0.7072
doc_1769.html,LABEL_0,0.7408
doc_1770.html,LABEL_0,0.7032
doc_1771.html,LABEL_0,0.6155
doc_1772.html,LABEL_0,0.6291
doc_1773.html,LABEL_0,0.6928
doc_1774.html,LABEL_0,0.73
doc_1775.html,LABEL_0,0.6508
doc_1776.html,LABEL_0,0.5721
doc_1777.html,LABEL_0,0.6857
doc_1778.html,LABEL_0,0.5779
doc_1779.html,LABEL_0,0.5602
doc_1780.html,LABEL_0,0.6723
doc_1781.html,LABEL_1,0.6042
doc_1782.html,LABEL_1,0.5523
doc_1783.html,LABEL_0,0.5118
doc_1784.html,LABEL_0,0.6525
doc_1785.html,LABEL_0,0.5995
doc_1786.html,LABEL_0,0.5141
doc_1787.html,LABEL_0,0.6054
doc_1788.html,LABEL_1,0.614
doc_1789.html,LABEL_0,0.6062
doc_1790.html,LABEL_0,0.6238
doc_1791.html,LABEL_0,0.6701
doc_1792.html,LABEL_0,0.5701
doc_1793.html,LABEL_1,0.502
doc_1794.html,LABEL_0,0.5796
doc_1795.html,LABEL_0,0.677
doc_1796.html,LABEL_0,0.7122
doc_1797.html,LABEL_0,0.6496
doc_1798.html,LABEL_0,0.7135
doc_1799.html,LABEL_0,0.7128
doc_1800.html,LABEL_0,0.6932
doc_1801.html,LABEL_0,0.7059
doc_1802.html,LABEL_0,0.665
doc_1803.html,LABEL_1,0.6081
doc_1804.html,LABEL_0,0.6875
doc_1805.html,LABEL_0,0.644
doc_1806.html,LABEL_0,0.659
doc_1807.html,LABEL_1,0.5858
doc_1808.html,LABEL_0,0.6878
doc_1809.html,LABEL_0,0.6839
doc_1810.html,LABEL_0,0.7024
doc_1811.html,LABEL_0,0.5939
doc_1812.html,LABEL_1,0.6187
doc_1813.html,LABEL_0,0.6909
doc_1814.html,LABEL_0,0.5837
doc_1815.html,LABEL_1,0.5376
doc_1816.html,LABEL_0,0.603
doc_1817.html,LABEL_0,0.6197
doc_1818.html,LABEL_0,0.5728
doc_1819.html,LABEL_0,0.5809
doc_1820.html,LABEL_1,0.505
doc_1821.html,LABEL_0,0.7082
doc_1822.html,LABEL_0,0.708
doc_1823.html,LABEL_0,0.5849
doc_1824.html,LABEL_0,0.6091
doc_1825.html,LABEL_1,0.6482
doc_1826.html,LABEL_1,0.5968
doc_1827.html,LABEL_0,0.6554
doc_1828.html,LABEL_0,0.6096
doc_1829.html,LABEL_1,0.534
doc_1830.html,LABEL_0,0.6047
doc_1831.html,LABEL_0,0.6003
doc_1832.html,LABEL_1,0.6332
doc_1833.html,LABEL_0,0.6378
doc_1834.html,LABEL_0,0.664
doc_1835.html,LABEL_0,0.6548
doc_1836.html,LABEL_0,0.7205
doc_1837.html,LABEL_0,0.6429
doc_1838.html,LABEL_0,0.5973
doc_1839.html,LABEL_0,0.7121
doc_1840.html,LABEL_0,0.5786
doc_1841.html,LABEL_0,0.5116
doc_1842.html,LABEL_0,0.6261
doc_1843.html,LABEL_0,0.7409
doc_1844.html,LABEL_0,0.625
doc_1845.html,LABEL_0,0.72
doc_1846.html,LABEL_0,0.5628
doc_1847.html,LABEL_0,0.6244
doc_1848.html,LABEL_0,0.7552
doc_1849.html,LABEL_0,0.7753
doc_1850.html,LABEL_0,0.7263
doc_1851.html,LABEL_0,0.7127
doc_1852.html,LABEL_0,0.6833
doc_1853.html,LABEL_0,0.7289
doc_1854.html,LABEL_0,0.6544
doc_1855.html,LABEL_0,0.6877
doc_1856.html,LABEL_0,0.7195
doc_1857.html,LABEL_0,0.6256
doc_1858.html,LABEL_0,0.728
doc_1859.html,LABEL_0,0.7248
doc_1860.html,LABEL_0,0.6643
doc_1861.html,LABEL_0,0.6759
doc_1862.html,LABEL_0,0.5279
doc_1863.html,LABEL_0,0.6315
doc_1864.html,LABEL_0,0.6223
doc_1865.html,LABEL_0,0.5845
doc_1866.html,LABEL_0,0.5935
doc_1867.html,LABEL_0,0.5668
doc_1868.html,LABEL_1,0.548
doc_1869.html,LABEL_0,0.6749
doc_1870.html,LABEL_0,0.6377
doc_1871.html,LABEL_0,0.6413
doc_1872.html,LABEL_0,0.5095
doc_1873.html,LABEL_0,0.5605
doc_1874.html,LABEL_0,0.5764
doc_1875.html,LABEL_0,0.6297
doc_1876.html,LABEL_0,0.6581
doc_1877.html,LABEL_0,0.6052
doc_1878.html,LABEL_0,0.7579
doc_1879.html,LABEL_0,0.5437
doc_1880.html,LABEL_0,0.5665
doc_1881.html,LABEL_0,0.687
doc_1882.html,LABEL_1,0.5001
doc_1883.html,LABEL_0,0.6601
doc_1884.html,LABEL_0,0.5747
doc_1885.html,LABEL_0,0.6687
doc_1886.html,LABEL_0,0.7375
doc_1887.html,LABEL_0,0.5331
doc_1888.html,LABEL_0,0.6507
doc_1889.html,LABEL_0,0.722
doc_1890.html,LABEL_0,0.6924
doc_1891.html,LABEL_0,0.6657
doc_1892.html,LABEL_0,0.5462
doc_1893.html,LABEL_0,0.5547
doc_1894.html,LABEL_0,0.6518
doc_1895.html,LABEL_0,0.646
doc_1896.html,LABEL_0,0.6342
doc_1897.html,LABEL_0,0.6928
doc_1898.html,LABEL_0,0.6204
doc_1899.html,LABEL_0,0.6239
doc_1900.html,LABEL_0,0.533
doc_1901.html,LABEL_0,0.6723
doc_1902.html,LABEL_0,0.6951
doc_1903.html,LABEL_0,0.6703
doc_1904.html,LABEL_0,0.6411
doc_1905.html,LABEL_0,0.6987
doc_1906.html,LABEL_0,0.704
doc_1907.html,LABEL_0,0.7215
doc_1908.html,LABEL_0,0.7175
doc_1909.html,LABEL_0,0.6082
doc_1910.html,LABEL_0,0.5888
doc_1911.html,LABEL_0,0.6222
doc_1912.html,LABEL_0,0.5813
doc_1913.html,LABEL_0,0.6025
doc_1914.html,LABEL_0,0.6662
doc_1915.html,LABEL_0,0.6384
doc_1916.html,LABEL_0,0.5672
doc_1917.html,LABEL_0,0.5529
doc_1918.html,LABEL_0,0.6571
doc_1919.html,LABEL_0,0.6356
doc_1920.html,LABEL_0,0.6374
doc_1921.html,LABEL_0,0.6487
doc_1922.html,LABEL_1,0.5565
doc_1923.html,LABEL_0,0.5166
doc_1924.html,LABEL_0,0.6138
doc_1925.html,LABEL_0,0.6464
doc_1926.html,LABEL_0,0.684
doc_1927.html,LABEL_0,0.7241
doc_1928.html,LABEL_0,0.5743
doc_1929.html,LABEL_0,0.6278
doc_1930.html,LABEL_0,0.693
doc_1931.html,LABEL_0,0.6966
doc_1932.html,LABEL_0,0.6835
doc_1934.html,LABEL_1,0.54
doc_1935.html,LABEL_0,0.5592
doc_1936.html,LABEL_0,0.591
doc_1937.html,LABEL_0,0.5753
doc_1938.html,LABEL_0,0.6282
doc_1939.html,LABEL_0,0.6053
doc_1940.html,LABEL_0,0.6218
doc_1941.html,LABEL_0,0.6499
doc_1942.html,LABEL_0,0.6424
doc_1943.html,LABEL_0,0.6528
doc_1944.html,LABEL_0,0.5257
doc_1945.html,LABEL_0,0.5607
doc_1946.html,LABEL_0,0.7405
doc_1947.html,LABEL_0,0.64
doc_1948.html,LABEL_0,0.649
doc_1949.html,LABEL_0,0.6738
doc_1950.html,LABEL_0,0.7745
doc_1951.html,LABEL_0,0.6228
doc_1952.html,LABEL_0,0.6158
doc_1953.html,LABEL_0,0.6722
doc_1954.html,LABEL_0,0.7159
doc_1955.html,LABEL_0,0.6461
doc_1956.html,LABEL_0,0.6517
doc_1957.html,LABEL_0,0.6215
doc_1958.html,LABEL_0,0.6861
doc_1959.html,LABEL_0,0.678
doc_1960.html,LABEL_0,0.7097
doc_1961.html,LABEL_0,0.517
doc_1962.html,LABEL_0,0.5853
doc_1963.html,LABEL_0,0.628
doc_1964.html,LABEL_0,0.6177
doc_1965.html,LABEL_0,0.617
doc_1966.html,LABEL_0,0.5833
doc_1967.html,LABEL_0,0.59
doc_1968.html,LABEL_0,0.5872
doc_1969.html,LABEL_0,0.7462
doc_1970.html,LABEL_0,0.5022
doc_1971.html,LABEL_0,0.5424
doc_1972.html,LABEL_0,0.7979
doc_1973.html,LABEL_0,0.7239
doc_1974.html,LABEL_0,0.6045
doc_1975.html,LABEL_0,0.5938
doc_1976.html,LABEL_0,0.6287
doc_1977.html,LABEL_0,0.6176
doc_1978.html,LABEL_0,0.5023
doc_1979.html,LABEL_0,0.6436
doc_1980.html,LABEL_0,0.7141
doc_1981.html,LABEL_0,0.7694
doc_1982.html,LABEL_1,0.5573
doc_1983.html,LABEL_0,0.599
doc_1984.html,LABEL_0,0.6821
doc_1985.html,LABEL_0,0.6826
doc_1986.html,LABEL_0,0.5901
doc_1987.html,LABEL_0,0.7
doc_1988.html,LABEL_0,0.6204
doc_1989.html,LABEL_0,0.7068
doc_1990.html,LABEL_0,0.6816
doc_1991.html,LABEL_0,0.6388
doc_1992.html,LABEL_0,0.6722
doc_1993.html,LABEL_0,0.7168
doc_1994.html,LABEL_0,0.5634
doc_1995.html,LABEL_1,0.5152
doc_1996.html,LABEL_0,0.6686
doc_1997.html,LABEL_0,0.6175
doc_1998.html,LABEL_0,0.7216
doc_1999.html,LABEL_0,0.679
doc_2000.html,LABEL_0,0.678
doc_2001.html,LABEL_0,0.6777
doc_2002.html,LABEL_0,0.7082
doc_2003.html,LABEL_0,0.7495
doc_2004.html,LABEL_0,0.6846
doc_2005.html,LABEL_0,0.7511
doc_2006.html,LABEL_0,0.6733
doc_2007.html,LABEL_0,0.635
doc_2008.html,LABEL_0,0.5581
doc_2009.html,LABEL_0,0.6752
doc_2010.html,LABEL_0,0.6135
doc_2011.html,LABEL_0,0.6421
doc_2012.html,LABEL_0,0.6036
doc_2013.html,LABEL_0,0.6203
doc_2014.html,LABEL_0,0.6253
doc_2015.html,LABEL_0,0.6769
doc_2016.html,LABEL_0,0.6359
doc_2017.html,LABEL_0,0.7176
doc_2018.html,LABEL_0,0.7342
doc_2019.html,LABEL_0,0.6558
doc_2020.html,LABEL_0,0.5907
doc_2021.html,LABEL_0,0.5439
doc_2022.html,LABEL_0,0.6109
doc_2023.html,LABEL_0,0.6197
doc_2024.html,LABEL_0,0.6786
doc_2025.html,LABEL_1,0.5431
doc_2026.html,LABEL_0,0.6056
doc_2027.html,LABEL_0,0.6308
doc_2028.html,LABEL_0,0.6764
doc_2029.html,LABEL_0,0.6946
doc_2030.html,LABEL_0,0.7397
doc_2031.html,LABEL_0,0.5399
doc_2032.html,LABEL_0,0.5538
doc_2033.html,LABEL_0,0.6824
doc_2034.html,LABEL_0,0.6658
doc_2035.html,LABEL_0,0.7194
doc_2036.html,LABEL_0,0.6596
doc_2037.html,LABEL_0,0.6085
doc_2038.html,LABEL_0,0.5802
doc_2039.html,LABEL_0,0.6046
doc_2040.html,LABEL_0,0.66
doc_2041.html,LABEL_0,0.595
doc_2042.html,LABEL_0,0.6672
doc_2043.html,LABEL_1,0.6035
doc_2044.html,LABEL_0,0.6587
doc_2045.html,LABEL_0,0.6199
doc_2046.html,LABEL_0,0.549
doc_2047.html,LABEL_1,0.5275
doc_2048.html,LABEL_0,0.5412
doc_2049.html,LABEL_0,0.6221
doc_2050.html,LABEL_0,0.6347
doc_2051.html,LABEL_1,0.5234
doc_2052.html,LABEL_0,0.705
doc_2053.html,LABEL_0,0.5715
doc_2054.html,LABEL_0,0.6598
doc_2055.html,LABEL_0,0.5783
doc_2056.html,LABEL_0,0.5885
doc_2057.html,LABEL_0,0.6645
doc_2058.html,LABEL_0,0.6214
doc_2059.html,LABEL_1,0.5321
doc_2060.html,LABEL_0,0.6574
doc_2061.html,LABEL_0,0.5946
doc_2062.html,LABEL_0,0.652
doc_2063.html,LABEL_0,0.7051
doc_2064.html,LABEL_0,0.6231
doc_2065.html,LABEL_0,0.7355
doc_2066.html,LABEL_0,0.6619
doc_2067.html,LABEL_0,0.7589
doc_2068.html,LABEL_0,0.719
doc_2069.html,LABEL_0,0.6756
doc_2070.html,LABEL_0,0.5658
doc_2071.html,LABEL_0,0.7371
doc_2072.html,LABEL_0,0.7364
doc_2073.html,LABEL_0,0.7386
doc_2074.html,LABEL_0,0.6192
doc_2075.html,LABEL_0,0.5172
doc_2076.html,LABEL_0,0.6574
doc_2077.html,LABEL_0,0.7034
doc_2078.html,LABEL_0,0.5676
doc_2079.html,LABEL_0,0.6886
doc_2080.html,LABEL_0,0.6241
doc_2081.html,LABEL_0,0.7813
doc_2082.html,LABEL_0,0.7374
doc_2083.html,LABEL_0,0.599
doc_2084.html,LABEL_0,0.5754
doc_2085.html,LABEL_0,0.6421
doc_2086.html,LABEL_0,0.6524
doc_2087.html,LABEL_0,0.7251
doc_2088.html,LABEL_0,0.7401
doc_2089.html,LABEL_0,0.5127
doc_2090.html,LABEL_0,0.7469
doc_2091.html,LABEL_0,0.7291
doc_2092.html,LABEL_0,0.7367
doc_2093.html,LABEL_0,0.583
doc_2094.html,LABEL_0,0.6691
doc_2095.html,LABEL_0,0.5526
doc_2096.html,LABEL_1,0.5636
doc_2097.html,LABEL_0,0.6878
doc_2098.html,LABEL_0,0.6988
doc_2099.html,LABEL_0,0.6057
doc_2100.html,LABEL_0,0.6417
doc_2101.html,LABEL_0,0.7759
doc_2102.html,LABEL_0,0.6839
doc_2103.html,LABEL_1,0.6986
doc_2104.html,LABEL_0,0.6829
doc_2105.html,LABEL_0,0.7412
doc_2106.html,LABEL_0,0.6633
doc_2107.html,LABEL_0,0.703
doc_2108.html,LABEL_0,0.6345
doc_2109.html,LABEL_0,0.5916
doc_2110.html,LABEL_1,0.6257
doc_2111.html,LABEL_0,0.6673
doc_2112.html,LABEL_0,0.6853
doc_2113.html,LABEL_0,0.6588
doc_2114.html,LABEL_0,0.6245
doc_2115.html,LABEL_1,0.5783
doc_2116.html,LABEL_0,0.7289
doc_2117.html,LABEL_0,0.5705
doc_2118.html,LABEL_0,0.7304
doc_2119.html,LABEL_0,0.5699
doc_2120.html,LABEL_0,0.6112
doc_2121.html,LABEL_0,0.6582
doc_2122.html,LABEL_0,0.5079
doc_2123.html,LABEL_0,0.5357
doc_2124.html,LABEL_0,0.5945
doc_2125.html,LABEL_0,0.6317
doc_2126.html,LABEL_0,0.6288
doc_2127.html,LABEL_0,0.5658
doc_2128.html,LABEL_0,0.6366
doc_2129.html,LABEL_0,0.6278
doc_2130.html,LABEL_0,0.6928
doc_2131.html,LABEL_0,0.5558
doc_2132.html,LABEL_0,0.6266
doc_2133.html,LABEL_0,0.6696
doc_2134.html,LABEL_0,0.5903
doc_2135.html,LABEL_0,0.5681
doc_2136.html,LABEL_1,0.6478
doc_2137.html,LABEL_0,0.5973
doc_2138.html,LABEL_0,0.6466
doc_2139.html,LABEL_0,0.5008
doc_2140.html,LABEL_0,0.5623
doc_2141.html,LABEL_0,0.7056
doc_2142.html,LABEL_0,0.639
doc_2143.html,LABEL_0,0.7599
doc_2144.html,LABEL_0,0.7298
doc_2145.html,LABEL_0,0.7548
doc_2146.html,LABEL_0,0.6697
doc_2147.html,LABEL_0,0.6356
doc_2148.html,LABEL_0,0.7194
doc_2149.html,LABEL_0,0.7226
doc_2150.html,LABEL_0,0.7186
doc_2151.html,LABEL_0,0.5935
doc_2152.html,LABEL_0,0.614
doc_2153.html,LABEL_0,0.607
doc_2154.html,LABEL_0,0.6116
doc_2155.html,LABEL_0,0.5645
doc_2156.html,LABEL_0,0.5011
doc_2157.html,LABEL_0,0.6036
doc_2158.html,LABEL_0,0.6426
doc_2159.html,LABEL_0,0.5699
doc_2160.html,LABEL_0,0.6168
doc_2161.html,LABEL_0,0.6299
doc_2162.html,LABEL_0,0.6893
doc_2163.html,LABEL_0,0.6403
doc_2164.html,LABEL_0,0.5898
doc_2165.html,LABEL_0,0.5956
doc_2166.html,LABEL_1,0.7457
doc_2167.html,LABEL_0,0.6773
doc_2168.html,LABEL_0,0.7426
doc_2169.html,LABEL_1,0.5209
doc_2170.html,LABEL_0,0.5597
doc_2171.html,LABEL_0,0.7004
doc_2172.html,LABEL_0,0.62
doc_2173.html,LABEL_0,0.7376
doc_2174.html,LABEL_0,0.6041
doc_2175.html,LABEL_0,0.6573
doc_2176.html,LABEL_0,0.762
doc_2177.html,LABEL_0,0.6825
doc_2178.html,LABEL_0,0.6306
doc_2179.html,LABEL_0,0.7702
doc_2180.html,LABEL_0,0.741
doc_2181.html,LABEL_0,0.598
doc_2182.html,LABEL_0,0.7096
doc_2183.html,LABEL_0,0.7511
doc_2184.html,LABEL_0,0.7326
doc_2185.html,LABEL_0,0.7633
doc_2186.html,LABEL_0,0.5699
doc_2187.html,LABEL_0,0.6323
doc_2188.html,LABEL_0,0.631
doc_2189.html,LABEL_0,0.6717
doc_2190.html,LABEL_0,0.6439
doc_2191.html,LABEL_1,0.5892
doc_2192.html,LABEL_0,0.5888
doc_2193.html,LABEL_0,0.5463
doc_2194.html,LABEL_0,0.6375
doc_2195.html,LABEL_0,0.63
doc_2196.html,LABEL_0,0.6325
doc_2197.html,LABEL_0,0.6212
doc_2198.html,LABEL_0,0.719
doc_2199.html,LABEL_0,0.7134
doc_2200.html,LABEL_0,0.643
doc_2201.html,LABEL_0,0.5496
doc_2202.html,LABEL_0,0.5732
doc_2203.html,LABEL_0,0.7407
doc_2204.html,LABEL_0,0.6985
doc_2205.html,LABEL_0,0.7014
doc_2206.html,LABEL_0,0.7161
doc_2207.html,LABEL_0,0.6961
doc_2208.html,LABEL_0,0.5448
doc_2209.html,LABEL_0,0.5304
doc_2210.html,LABEL_0,0.6029
doc_2211.html,LABEL_0,0.6539
doc_2212.html,LABEL_0,0.5951
doc_2213.html,LABEL_0,0.5607
doc_2214.html,LABEL_0,0.5665
doc_2215.html,LABEL_0,0.591
doc_2216.html,LABEL_0,0.5695
doc_2217.html,LABEL_0,0.7096
doc_2218.html,LABEL_0,0.7171
doc_2219.html,LABEL_0,0.647
doc_2220.html,LABEL_0,0.6835
doc_2221.html,LABEL_0,0.7702
doc_2222.html,LABEL_0,0.7358
doc_2223.html,LABEL_0,0.6834
doc_2224.html,LABEL_0,0.6263
doc_2225.html,LABEL_0,0.6894
doc_2226.html,LABEL_0,0.6196
doc_2227.html,LABEL_0,0.5506
doc_2228.html,LABEL_0,0.6043
doc_2229.html,LABEL_0,0.5992
doc_2230.html,LABEL_0,0.6151
doc_2231.html,LABEL_0,0.5293
doc_2232.html,LABEL_0,0.5588
doc_2233.html,LABEL_0,0.7068
doc_2234.html,LABEL_0,0.5867
doc_2235.html,LABEL_1,0.6031
doc_2236.html,LABEL_0,0.6247
doc_2237.html,LABEL_0,0.6237
doc_2238.html,LABEL_0,0.6818
doc_2239.html,LABEL_0,0.6444
doc_2240.html,LABEL_0,0.68
doc_2241.html,LABEL_0,0.6241
doc_2242.html,LABEL_0,0.5979
doc_2243.html,LABEL_0,0.5316
doc_2244.html,LABEL_0,0.6454
doc_2245.html,LABEL_0,0.7514
doc_2246.html,LABEL_0,0.7397
doc_2247.html,LABEL_0,0.5393
doc_2248.html,LABEL_0,0.6677
doc_2249.html,LABEL_0,0.6193
doc_2250.html,LABEL_0,0.5555
doc_2251.html,LABEL_0,0.7128
doc_2252.html,LABEL_0,0.6524
doc_2253.html,LABEL_0,0.7126
doc_2254.html,LABEL_0,0.7296
doc_2255.html,LABEL_0,0.7245
doc_2256.html,LABEL_0,0.7407
doc_2257.html,LABEL_0,0.7404
doc_2258.html,LABEL_1,0.5674
doc_2259.html,LABEL_0,0.5877
doc_2260.html,LABEL_0,0.7717
doc_2261.html,LABEL_0,0.7039
doc_2263.html,LABEL_0,0.6082
doc_2264.html,LABEL_0,0.6313
doc_2265.html,LABEL_0,0.5255
doc_2266.html,LABEL_0,0.639
doc_2267.html,LABEL_0,0.5086
doc_2268.html,LABEL_0,0.5819
doc_2269.html,LABEL_0,0.665
doc_2270.html,LABEL_0,0.5858
doc_2271.html,LABEL_0,0.5438
doc_2272.html,LABEL_0,0.7173
doc_2273.html,LABEL_0,0.5621
doc_2274.html,LABEL_0,0.7322
doc_2275.html,LABEL_0,0.6939
doc_2276.html,LABEL_0,0.6196
doc_2277.html,LABEL_0,0.6617
doc_2278.html,LABEL_0,0.735
doc_2279.html,LABEL_0,0.7509
doc_2280.html,LABEL_0,0.699
doc_2281.html,LABEL_1,0.6783
doc_2282.html,LABEL_0,0.6311
doc_2283.html,LABEL_0,0.6555
doc_2284.html,LABEL_1,0.5792
doc_2285.html,LABEL_0,0.5852
doc_2286.html,LABEL_0,0.5645
doc_2287.html,LABEL_0,0.5705
doc_2288.html,LABEL_0,0.7545
doc_2289.html,LABEL_0,0.6582
doc_2290.html,LABEL_0,0.5262
doc_2291.html,LABEL_1,0.5411
doc_2292.html,LABEL_0,0.5852
doc_2293.html,LABEL_0,0.5868
doc_2294.html,LABEL_0,0.6241
doc_2295.html,LABEL_0,0.6762
doc_2296.html,LABEL_0,0.6922
doc_2297.html,LABEL_0,0.6021
doc_2298.html,LABEL_0,0.5779
doc_2299.html,LABEL_0,0.5539
doc_2300.html,LABEL_0,0.7749
doc_2301.html,LABEL_0,0.6792
doc_2302.html,LABEL_0,0.6724
doc_2303.html,LABEL_0,0.6501
doc_2304.html,LABEL_0,0.7575
doc_2305.html,LABEL_0,0.7575
doc_2306.html,LABEL_0,0.7417
doc_2307.html,LABEL_0,0.6857
doc_2308.html,LABEL_0,0.6136
doc_2309.html,LABEL_0,0.5542
doc_2310.html,LABEL_0,0.5993
doc_2311.html,LABEL_0,0.5621
doc_2312.html,LABEL_0,0.6115
doc_2313.html,LABEL_0,0.648
doc_2314.html,LABEL_0,0.5278
doc_2315.html,LABEL_0,0.5936
doc_2316.html,LABEL_0,0.6392
doc_2317.html,LABEL_0,0.6043
doc_2318.html,LABEL_0,0.6349
doc_2319.html,LABEL_0,0.5278
doc_2320.html,LABEL_0,0.6548
doc_2321.html,LABEL_1,0.5646
doc_2322.html,LABEL_1,0.5021
doc_2323.html,LABEL_0,0.7196
doc_2324.html,LABEL_0,0.5827
doc_2325.html,LABEL_0,0.5653
doc_2326.html,LABEL_0,0.6702
doc_2327.html,LABEL_0,0.6068
doc_2328.html,LABEL_0,0.6068
doc_2329.html,LABEL_0,0.6688
doc_2330.html,LABEL_0,0.6147
doc_2331.html,LABEL_0,0.691
doc_2332.html,LABEL_0,0.708
doc_2333.html,LABEL_0,0.7531
doc_2334.html,LABEL_0,0.6792
doc_2335.html,LABEL_0,0.6455
doc_2336.html,LABEL_1,0.5339
doc_2337.html,LABEL_0,0.6371
doc_2338.html,LABEL_0,0.604
doc_2339.html,LABEL_1,0.62
doc_2340.html,LABEL_0,0.6187
doc_2341.html,LABEL_0,0.6154
doc_2342.html,LABEL_1,0.5843
doc_2343.html,LABEL_0,0.687
doc_2344.html,LABEL_0,0.5512
doc_2345.html,LABEL_1,0.6821
doc_2346.html,LABEL_0,0.5582
doc_2347.html,LABEL_0,0.6596
doc_2348.html,LABEL_0,0.6193
doc_2349.html,LABEL_1,0.5027
doc_2350.html,LABEL_0,0.6729
doc_2351.html,LABEL_0,0.5847
doc_2352.html,LABEL_0,0.6393
doc_2353.html,LABEL_0,0.5427
doc_2354.html,LABEL_0,0.6478
doc_2355.html,LABEL_0,0.6526
doc_2356.html,LABEL_0,0.5844
doc_2357.html,LABEL_0,0.6011
doc_2358.html,LABEL_0,0.5916
doc_2359.html,LABEL_0,0.7245
doc_2360.html,LABEL_0,0.7245
doc_2361.html,LABEL_0,0.6733
doc_2362.html,LABEL_0,0.6721
doc_2363.html,LABEL_1,0.6897
doc_2364.html,LABEL_0,0.6116
doc_2365.html,LABEL_0,0.6838
doc_2367.html,LABEL_0,0.6559
doc_2368.html,LABEL_0,0.6922
doc_2369.html,LABEL_0,0.6444
doc_2370.html,LABEL_0,0.6366
doc_2371.html,LABEL_0,0.6566
doc_2372.html,LABEL_0,0.621
doc_2373.html,LABEL_0,0.5849
doc_2374.html,LABEL_0,0.6144
doc_2375.html,LABEL_0,0.6196
doc_2376.html,LABEL_0,0.5484
doc_2377.html,LABEL_0,0.5178
doc_2378.html,LABEL_0,0.6303
doc_2379.html,LABEL_0,0.5386
doc_2380.html,LABEL_0,0.6465
doc_2381.html,LABEL_0,0.633
doc_2382.html,LABEL_0,0.7032
doc_2383.html,LABEL_0,0.5347
doc_2384.html,LABEL_0,0.5718
doc_2385.html,LABEL_0,0.636
doc_2386.html,LABEL_0,0.6318
doc_2387.html,LABEL_0,0.5984
doc_2388.html,LABEL_0,0.6877
doc_2389.html,LABEL_0,0.7283
doc_2390.html,LABEL_0,0.6624
doc_2391.html,LABEL_0,0.6218
doc_2392.html,LABEL_0,0.6398
doc_2393.html,LABEL_0,0.7323
doc_2394.html,LABEL_0,0.5787
doc_2395.html,LABEL_0,0.6435
doc_2396.html,LABEL_0,0.5484
doc_2397.html,LABEL_0,0.6316
doc_2398.html,LABEL_0,0.5609
doc_2399.html,LABEL_1,0.6556
doc_2400.html,LABEL_0,0.5113
doc_2401.html,LABEL_0,0.5598
doc_2402.html,LABEL_1,0.5765
doc_2403.html,LABEL_0,0.5144
doc_2404.html,LABEL_0,0.6467
doc_2405.html,LABEL_0,0.5494
doc_2406.html,LABEL_1,0.5445
doc_2407.html,LABEL_0,0.6472
doc_2408.html,LABEL_0,0.6003
doc_2409.html,LABEL_0,0.6289
doc_2410.html,LABEL_0,0.5514
doc_2411.html,LABEL_0,0.6933
doc_2412.html,LABEL_0,0.7392
doc_2413.html,LABEL_0,0.6739
doc_2414.html,LABEL_0,0.6356
doc_2415.html,LABEL_0,0.6139
doc_2416.html,LABEL_0,0.6298
doc_2417.html,LABEL_0,0.6009
doc_2419.html,LABEL_0,0.6712
doc_2420.html,LABEL_0,0.5946
doc_2421.html,LABEL_0,0.6302
doc_2422.html,LABEL_0,0.7223
doc_2423.html,LABEL_0,0.52
doc_2424.html,LABEL_0,0.6014
doc_2425.html,LABEL_0,0.626
doc_2426.html,LABEL_0,0.6138
doc_2427.html,LABEL_0,0.6618
doc_2428.html,LABEL_0,0.5815
doc_2429.html,LABEL_0,0.5679
doc_2430.html,LABEL_0,0.6265
doc_2431.html,LABEL_0,0.5502
doc_2432.html,LABEL_0,0.616
doc_2433.html,LABEL_0,0.5064
doc_2434.html,LABEL_0,0.6831
doc_2435.html,LABEL_0,0.7426
doc_2436.html,LABEL_0,0.7525
doc_2437.html,LABEL_0,0.6668
doc_2438.html,LABEL_0,0.7388
doc_2439.html,LABEL_0,0.5908
doc_2440.html,LABEL_1,0.5187
doc_2441.html,LABEL_0,0.6969
doc_2442.html,LABEL_0,0.5528
doc_2443.html,LABEL_0,0.5675
doc_2444.html,LABEL_0,0.6591
doc_2445.html,LABEL_0,0.7521
doc_2446.html,LABEL_0,0.5704
doc_2447.html,LABEL_0,0.6802
doc_2448.html,LABEL_0,0.6598
doc_2449.html,LABEL_0,0.6879
doc_2450.html,LABEL_0,0.5784
doc_2451.html,LABEL_0,0.6447
doc_2452.html,LABEL_0,0.7374
doc_2453.html,LABEL_0,0.6313
doc_2454.html,LABEL_0,0.6275
doc_2455.html,LABEL_0,0.6173
doc_2456.html,LABEL_0,0.6356
doc_2457.html,LABEL_0,0.6326
doc_2458.html,LABEL_0,0.6505
doc_2459.html,LABEL_0,0.6757
doc_2460.html,LABEL_0,0.6455
doc_2461.html,LABEL_0,0.6034
doc_2462.html,LABEL_0,0.5863
doc_2463.html,LABEL_0,0.6843
doc_2464.html,LABEL_0,0.7262
doc_2465.html,LABEL_0,0.6727
doc_2466.html,LABEL_0,0.6052
doc_2467.html,LABEL_0,0.542
doc_2468.html,LABEL_0,0.5045
doc_2469.html,LABEL_0,0.7157
doc_2470.html,LABEL_0,0.6618
doc_2471.html,LABEL_0,0.7638
doc_2472.html,LABEL_0,0.5804
doc_2473.html,LABEL_0,0.6076
doc_2474.html,LABEL_1,0.6674
doc_2475.html,LABEL_0,0.5314
doc_2476.html,LABEL_0,0.6725
doc_2477.html,LABEL_0,0.5782
doc_2478.html,LABEL_0,0.5119
doc_2479.html,LABEL_0,0.7349
doc_2480.html,LABEL_0,0.747
doc_2481.html,LABEL_0,0.5734
doc_2482.html,LABEL_0,0.6001
doc_2483.html,LABEL_0,0.5573
doc_2484.html,LABEL_0,0.5265
doc_2485.html,LABEL_0,0.6844
doc_2486.html,LABEL_0,0.7898
doc_2487.html,LABEL_0,0.6555
doc_2488.html,LABEL_0,0.5865
doc_2489.html,LABEL_0,0.5552
doc_2490.html,LABEL_0,0.7278
doc_2491.html,LABEL_1,0.6391
doc_2492.html,LABEL_0,0.5833
doc_2493.html,LABEL_0,0.6748
doc_2494.html,LABEL_0,0.6331
doc_2495.html,LABEL_0,0.6169
doc_2496.html,LABEL_0,0.5398
doc_2497.html,LABEL_0,0.5103
doc_2498.html,LABEL_1,0.5034
doc_2499.html,LABEL_0,0.6814
doc_2500.html,LABEL_0,0.7807
doc_2501.html,LABEL_0,0.6271
doc_2502.html,LABEL_0,0.6354
doc_2503.html,LABEL_0,0.5652
doc_2504.html,LABEL_0,0.6317
doc_2505.html,LABEL_0,0.6217
doc_2506.html,LABEL_0,0.6574
doc_2507.html,LABEL_1,0.5351
doc_2508.html,LABEL_0,0.7141
doc_2509.html,LABEL_0,0.772
doc_2510.html,LABEL_0,0.5682
doc_2511.html,LABEL_1,0.7101
doc_2512.html,LABEL_1,0.6535
doc_2513.html,LABEL_0,0.5893
doc_2514.html,LABEL_0,0.6726
doc_2515.html,LABEL_0,0.5939
doc_2516.html,LABEL_1,0.5458
doc_2517.html,LABEL_0,0.5432
doc_2518.html,LABEL_0,0.5946
doc_2519.html,LABEL_0,0.5654
doc_2520.html,LABEL_0,0.6257
doc_2521.html,LABEL_0,0.5908
doc_2522.html,LABEL_0,0.6874
doc_2523.html,LABEL_0,0.7241
doc_2524.html,LABEL_1,0.6573
doc_2525.html,LABEL_0,0.579
doc_2526.html,LABEL_0,0.5807
doc_2527.html,LABEL_1,0.6231
doc_2528.html,LABEL_0,0.5124
doc_2529.html,LABEL_0,0.585
doc_2530.html,LABEL_0,0.5893
doc_2531.html,LABEL_0,0.5541
doc_2532.html,LABEL_0,0.6057
doc_2533.html,LABEL_0,0.6318
doc_2534.html,LABEL_0,0.6036
doc_2535.html,LABEL_0,0.6814
doc_2536.html,LABEL_0,0.6104
doc_2537.html,LABEL_0,0.524
doc_2538.html,LABEL_0,0.6265
doc_2539.html,LABEL_0,0.5393
doc_2540.html,LABEL_0,0.6798
doc_2541.html,LABEL_0,0.7101
doc_2542.html,LABEL_0,0.6549
doc_2543.html,LABEL_0,0.6681
doc_2544.html,LABEL_0,0.6275
doc_2545.html,LABEL_0,0.7144
doc_2546.html,LABEL_0,0.7952
doc_2547.html,LABEL_0,0.7038
doc_2548.html,LABEL_0,0.6182
doc_2549.html,LABEL_0,0.6936
doc_2550.html,LABEL_0,0.6779
doc_2551.html,LABEL_0,0.534
doc_2552.html,LABEL_0,0.6488
doc_2553.html,LABEL_0,0.73
doc_2554.html,LABEL_0,0.7271
doc_2555.html,LABEL_0,0.6588
doc_2556.html,LABEL_0,0.8141
doc_2557.html,LABEL_0,0.6227
doc_2558.html,LABEL_0,0.5621
doc_2559.html,LABEL_0,0.6371
doc_2560.html,LABEL_0,0.5803
doc_2563.html,LABEL_0,0.6108
doc_2564.html,LABEL_1,0.6521
doc_2565.html,LABEL_0,0.6096
doc_2566.html,LABEL_0,0.5866
doc_2567.html,LABEL_0,0.7575
doc_2568.html,LABEL_1,0.5596
doc_2569.html,LABEL_0,0.6591
doc_2570.html,LABEL_0,0.588
doc_2571.html,LABEL_0,0.6874
doc_2572.html,LABEL_0,0.6266
doc_2573.html,LABEL_1,0.5071
doc_2574.html,LABEL_0,0.6284
doc_2575.html,LABEL_0,0.7047
doc_2576.html,LABEL_0,0.6031
doc_2577.html,LABEL_0,0.6784
doc_2578.html,LABEL_0,0.6102
doc_2579.html,LABEL_0,0.7152
doc_2580.html,LABEL_0,0.6619
doc_2581.html,LABEL_0,0.5613
doc_2582.html,LABEL_0,0.6761
doc_2583.html,LABEL_0,0.6483
doc_2584.html,LABEL_1,0.6391
doc_2585.html,LABEL_0,0.5421
doc_2586.html,LABEL_1,0.5395
doc_2587.html,LABEL_0,0.711
doc_2588.html,LABEL_0,0.7201
doc_2589.html,LABEL_0,0.7172
doc_2590.html,LABEL_0,0.6272
doc_2591.html,LABEL_0,0.6487
doc_2592.html,LABEL_0,0.6145
doc_2593.html,LABEL_0,0.6253
doc_2594.html,LABEL_0,0.548
doc_2595.html,LABEL_0,0.6875
doc_2596.html,LABEL_0,0.5456
doc_2597.html,LABEL_0,0.6352
doc_2598.html,LABEL_0,0.6689
doc_2599.html,LABEL_0,0.5301
doc_2600.html,LABEL_0,0.6037
doc_2601.html,LABEL_0,0.5312
doc_2602.html,LABEL_0,0.6589
doc_2603.html,LABEL_0,0.6581
doc_2604.html,LABEL_0,0.6108
doc_2605.html,LABEL_0,0.584
doc_2606.html,LABEL_0,0.6713
doc_2607.html,LABEL_1,0.6599
doc_2608.html,LABEL_0,0.6038
doc_2609.html,LABEL_0,0.6549
doc_2610.html,LABEL_1,0.5459
doc_2611.html,LABEL_0,0.7304
doc_2612.html,LABEL_0,0.584
doc_2613.html,LABEL_0,0.6671
doc_2614.html,LABEL_0,0.5717
doc_2615.html,LABEL_0,0.5516
doc_2616.html,LABEL_0,0.6828
doc_2617.html,LABEL_0,0.7251
doc_2618.html,LABEL_0,0.7251
doc_2619.html,LABEL_0,0.6038
doc_2620.html,LABEL_0,0.6301
doc_2621.html,LABEL_0,0.7496
doc_2622.html,LABEL_0,0.6226
doc_2623.html,LABEL_0,0.5783
doc_2624.html,LABEL_0,0.6119
doc_2625.html,LABEL_0,0.5158
doc_2626.html,LABEL_0,0.6222
doc_2627.html,LABEL_0,0.5617
doc_2628.html,LABEL_0,0.5251
doc_2629.html,LABEL_0,0.6612
doc_2630.html,LABEL_1,0.5344
doc_2631.html,LABEL_0,0.558
doc_2632.html,LABEL_0,0.6401
doc_2633.html,LABEL_0,0.521
doc_2634.html,LABEL_0,0.7133
doc_2635.html,LABEL_0,0.5049
doc_2636.html,LABEL_0,0.5681
doc_2637.html,LABEL_0,0.6369
doc_2638.html,LABEL_0,0.6663
doc_2639.html,LABEL_0,0.5531
doc_2640.html,LABEL_0,0.6472
doc_2641.html,LABEL_0,0.6143
doc_2642.html,LABEL_0,0.6251
doc_2643.html,LABEL_0,0.6704
doc_2644.html,LABEL_0,0.6308
doc_2645.html,LABEL_0,0.6479
doc_2646.html,LABEL_0,0.6772
doc_2647.html,LABEL_0,0.6903
doc_2648.html,LABEL_0,0.6801
doc_2649.html,LABEL_0,0.6593
doc_2650.html,LABEL_0,0.6662
doc_2651.html,LABEL_0,0.686
doc_2652.html,LABEL_0,0.7357
doc_2653.html,LABEL_0,0.5427
doc_2654.html,LABEL_0,0.6508
doc_2655.html,LABEL_0,0.6346
doc_2656.html,LABEL_1,0.5119
doc_2657.html,LABEL_0,0.6839
doc_2658.html,LABEL_0,0.6428
doc_2659.html,LABEL_0,0.5652
doc_2660.html,LABEL_0,0.5938
doc_2661.html,LABEL_0,0.6442
doc_2662.html,LABEL_1,0.5815
doc_2663.html,LABEL_0,0.7086
doc_2664.html,LABEL_1,0.6453
doc_2665.html,LABEL_0,0.6341
doc_2666.html,LABEL_0,0.6494
doc_2667.html,LABEL_0,0.5757
doc_2668.html,LABEL_0,0.5683
doc_2669.html,LABEL_0,0.5421
doc_2670.html,LABEL_0,0.5331
doc_2671.html,LABEL_0,0.6581
doc_2672.html,LABEL_1,0.5284
doc_2673.html,LABEL_0,0.5738
doc_2674.html,LABEL_0,0.5426
doc_2675.html,LABEL_0,0.5978
doc_2676.html,LABEL_0,0.6257
doc_2677.html,LABEL_0,0.6686
doc_2678.html,LABEL_0,0.6503
doc_2679.html,LABEL_0,0.5503
doc_2680.html,LABEL_0,0.5731
doc_2681.html,LABEL_0,0.5794
doc_2682.html,LABEL_0,0.6559
doc_2683.html,LABEL_0,0.6765
doc_2684.html,LABEL_0,0.596
doc_2685.html,LABEL_0,0.7175
doc_2686.html,LABEL_0,0.65
doc_2687.html,LABEL_0,0.6009
doc_2688.html,LABEL_0,0.6213
doc_2689.html,LABEL_0,0.6537
doc_2690.html,LABEL_0,0.6417
doc_2691.html,LABEL_0,0.6659
doc_2692.html,LABEL_1,0.6313
doc_2693.html,LABEL_0,0.7385
doc_2694.html,LABEL_0,0.711
doc_2695.html,LABEL_0,0.6246
doc_2696.html,LABEL_0,0.6755
doc_2697.html,LABEL_0,0.5523
doc_2698.html,LABEL_0,0.5683
doc_2699.html,LABEL_0,0.6397
doc_2700.html,LABEL_0,0.6141
doc_2701.html,LABEL_0,0.6021
doc_2702.html,LABEL_0,0.6133
doc_2703.html,LABEL_0,0.5549
doc_2704.html,LABEL_0,0.6588
doc_2705.html,LABEL_0,0.5696
doc_2706.html,LABEL_0,0.6515
doc_2707.html,LABEL_0,0.6241
doc_2708.html,LABEL_0,0.6092
doc_2709.html,LABEL_1,0.5475
doc_2710.html,LABEL_0,0.6554
doc_2711.html,LABEL_0,0.5815
doc_2712.html,LABEL_0,0.6057
doc_2713.html,LABEL_0,0.5971
doc_2714.html,LABEL_0,0.6595
doc_2715.html,LABEL_0,0.544
doc_2716.html,LABEL_0,0.6615
doc_2717.html,LABEL_0,0.5171
doc_2718.html,LABEL_0,0.6198
doc_2719.html,LABEL_0,0.6056
doc_2720.html,LABEL_0,0.6458
doc_2721.html,LABEL_0,0.653
doc_2722.html,LABEL_1,0.5567
doc_2723.html,LABEL_0,0.5327
doc_2724.html,LABEL_0,0.6354
doc_2725.html,LABEL_0,0.531
doc_2726.html,LABEL_0,0.6619
doc_2727.html,LABEL_0,0.6119
doc_2728.html,LABEL_0,0.7268
doc_2729.html,LABEL_0,0.6891
doc_2730.html,LABEL_0,0.5784
doc_2731.html,LABEL_0,0.5551
doc_2732.html,LABEL_0,0.5781
doc_2733.html,LABEL_0,0.6375
doc_2734.html,LABEL_1,0.5274
doc_2735.html,LABEL_0,0.5764
doc_2736.html,LABEL_0,0.6513
doc_2737.html,LABEL_0,0.5724
doc_2738.html,LABEL_0,0.7213
doc_2739.html,LABEL_0,0.5642
doc_2740.html,LABEL_0,0.6292
doc_2741.html,LABEL_0,0.657
doc_2742.html,LABEL_0,0.6424
doc_2743.html,LABEL_0,0.5841
doc_2744.html,LABEL_0,0.5935
doc_2745.html,LABEL_0,0.6742
doc_2746.html,LABEL_1,0.6338
doc_2747.html,LABEL_0,0.5105
doc_2748.html,LABEL_0,0.5826
doc_2749.html,LABEL_0,0.6834
doc_2750.html,LABEL_0,0.6036
doc_2751.html,LABEL_0,0.5677
doc_2752.html,LABEL_0,0.6853
doc_2753.html,LABEL_1,0.515
doc_2754.html,LABEL_0,0.6817
doc_2755.html,LABEL_0,0.7164
doc_2756.html,LABEL_0,0.7707
doc_2757.html,LABEL_0,0.7545
doc_2758.html,LABEL_0,0.6174
doc_2759.html,LABEL_0,0.5713
doc_2760.html,LABEL_0,0.5968
doc_2761.html,LABEL_0,0.6068
doc_2762.html,LABEL_0,0.5807
doc_2763.html,LABEL_0,0.631
doc_2764.html,LABEL_0,0.6427
doc_2765.html,LABEL_0,0.5785
doc_2766.html,LABEL_0,0.5729
doc_2767.html,LABEL_0,0.7357
doc_2768.html,LABEL_0,0.6249
doc_2769.html,LABEL_0,0.674
doc_2770.html,LABEL_0,0.5514
doc_2771.html,LABEL_0,0.5966
doc_2772.html,LABEL_1,0.5108
doc_2773.html,LABEL_0,0.6727
doc_2774.html,LABEL_0,0.6816
doc_2775.html,LABEL_0,0.6577
doc_2776.html,LABEL_0,0.6618
doc_2777.html,LABEL_0,0.5807
doc_2778.html,LABEL_0,0.6588
doc_2779.html,LABEL_0,0.6792
doc_2780.html,LABEL_0,0.5711
doc_2781.html,LABEL_0,0.7357
doc_2782.html,LABEL_0,0.5943
doc_2783.html,LABEL_0,0.573
doc_2784.html,LABEL_1,0.5319
doc_2785.html,LABEL_0,0.5826
doc_2786.html,LABEL_0,0.5966
doc_2787.html,LABEL_0,0.7488
doc_2788.html,LABEL_0,0.7185
doc_2789.html,LABEL_0,0.6108
doc_2790.html,LABEL_0,0.5847
doc_2791.html,LABEL_0,0.6426
doc_2792.html,LABEL_0,0.6288
doc_2793.html,LABEL_1,0.5115
doc_2794.html,LABEL_0,0.559
doc_2795.html,LABEL_0,0.6231
doc_2796.html,LABEL_0,0.6792
doc_2797.html,LABEL_0,0.7115
doc_2798.html,LABEL_1,0.5532
doc_2799.html,LABEL_0,0.6022
doc_2800.html,LABEL_0,0.576
doc_2801.html,LABEL_1,0.5824
doc_2802.html,LABEL_0,0.5791
doc_2803.html,LABEL_0,0.6265
doc_2804.html,LABEL_0,0.6298
doc_2805.html,LABEL_0,0.6835
doc_2806.html,LABEL_0,0.6114
doc_2807.html,LABEL_0,0.6876
doc_2808.html,LABEL_0,0.5155
doc_2809.html,LABEL_0,0.5796
doc_2810.html,LABEL_0,0.5751
doc_2811.html,LABEL_0,0.5667
doc_2812.html,LABEL_0,0.617
doc_2813.html,LABEL_0,0.5661
doc_2814.html,LABEL_1,0.5476
doc_2815.html,LABEL_1,0.6017
doc_2816.html,LABEL_0,0.5714
doc_2817.html,LABEL_0,0.5839
doc_2818.html,LABEL_0,0.6292
doc_2819.html,LABEL_0,0.544
doc_2820.html,LABEL_0,0.7468
doc_2821.html,LABEL_0,0.6993
doc_2822.html,LABEL_0,0.6722
doc_2823.html,LABEL_0,0.6588
doc_2824.html,LABEL_0,0.6399
doc_2825.html,LABEL_0,0.514
doc_2826.html,LABEL_1,0.6243
doc_2827.html,LABEL_0,0.5705
doc_2828.html,LABEL_0,0.5824
doc_2829.html,LABEL_0,0.7341
doc_2830.html,LABEL_0,0.6233
doc_2831.html,LABEL_0,0.7025
doc_2832.html,LABEL_0,0.7639
doc_2833.html,LABEL_0,0.7335
doc_2834.html,LABEL_0,0.6445
doc_2835.html,LABEL_0,0.6163
doc_2836.html,LABEL_0,0.6035
doc_2837.html,LABEL_0,0.5839
doc_2838.html,LABEL_1,0.6467
doc_2839.html,LABEL_0,0.5877
doc_2840.html,LABEL_0,0.5334
doc_2841.html,LABEL_0,0.6863
doc_2842.html,LABEL_0,0.632
doc_2843.html,LABEL_0,0.6384
doc_2844.html,LABEL_1,0.5726
doc_2845.html,LABEL_0,0.5584
doc_2846.html,LABEL_0,0.6558
doc_2847.html,LABEL_0,0.6657
doc_2848.html,LABEL_0,0.5887
doc_2849.html,LABEL_0,0.6601
doc_2850.html,LABEL_0,0.6492
doc_2851.html,LABEL_0,0.6201
doc_2852.html,LABEL_0,0.5687
doc_2853.html,LABEL_0,0.6638
doc_2854.html,LABEL_0,0.6154
doc_2855.html,LABEL_0,0.694
doc_2856.html,LABEL_0,0.6575
doc_2857.html,LABEL_0,0.703
doc_2858.html,LABEL_0,0.7539
doc_2859.html,LABEL_0,0.5723
doc_2860.html,LABEL_0,0.6625
doc_2861.html,LABEL_0,0.64
doc_2862.html,LABEL_0,0.6329
doc_2863.html,LABEL_0,0.6625
doc_2864.html,LABEL_0,0.6846
doc_2865.html,LABEL_0,0.759
doc_2866.html,LABEL_0,0.5935
doc_2867.html,LABEL_0,0.6383
doc_2868.html,LABEL_0,0.6109
doc_2869.html,LABEL_1,0.523
doc_2870.html,LABEL_1,0.5002
doc_2871.html,LABEL_0,0.5733
doc_2872.html,LABEL_1,0.6005
doc_2873.html,LABEL_0,0.647
doc_2874.html,LABEL_0,0.5185
doc_2875.html,LABEL_0,0.5362
doc_2876.html,LABEL_0,0.7366
doc_2877.html,LABEL_0,0.7047
doc_2878.html,LABEL_0,0.6622
doc_2879.html,LABEL_0,0.6356
doc_2880.html,LABEL_0,0.5766
doc_2881.html,LABEL_0,0.635
doc_2882.html,LABEL_0,0.5584
doc_2883.html,LABEL_0,0.6302
doc_2884.html,LABEL_0,0.5746
doc_2885.html,LABEL_0,0.6123
doc_2886.html,LABEL_0,0.5672
doc_2887.html,LABEL_0,0.5541
doc_2888.html,LABEL_0,0.6692
doc_2889.html,LABEL_0,0.5519
doc_2890.html,LABEL_0,0.5033
doc_2891.html,LABEL_1,0.6751
doc_2892.html,LABEL_0,0.5416
doc_2893.html,LABEL_0,0.7015
doc_2894.html,LABEL_0,0.6792
doc_2895.html,LABEL_0,0.7446
doc_2896.html,LABEL_0,0.7548
doc_2897.html,LABEL_0,0.6028
doc_2898.html,LABEL_1,0.6567
doc_2899.html,LABEL_0,0.5808
doc_2900.html,LABEL_0,0.6219
doc_2901.html,LABEL_0,0.72
doc_2902.html,LABEL_0,0.585
doc_2903.html,LABEL_0,0.5652
doc_2904.html,LABEL_0,0.5581
doc_2905.html,LABEL_0,0.5797
doc_2906.html,LABEL_0,0.6649
doc_2907.html,LABEL_0,0.6231
doc_2908.html,LABEL_0,0.5845
doc_2909.html,LABEL_0,0.5907
doc_2910.html,LABEL_0,0.7424
doc_2911.html,LABEL_0,0.5887
doc_2912.html,LABEL_0,0.6708
doc_2913.html,LABEL_0,0.6523
doc_2914.html,LABEL_0,0.6714
doc_2915.html,LABEL_0,0.6638
doc_2916.html,LABEL_0,0.6046
doc_2917.html,LABEL_0,0.6351
doc_2918.html,LABEL_0,0.6727
doc_2919.html,LABEL_0,0.6111
doc_2920.html,LABEL_0,0.6079
doc_2921.html,LABEL_0,0.5961
doc_2922.html,LABEL_0,0.6228
doc_2923.html,LABEL_0,0.5941
doc_2924.html,LABEL_0,0.6075
doc_2925.html,LABEL_1,0.64
doc_2926.html,LABEL_0,0.5878
doc_2927.html,LABEL_0,0.6135
doc_2928.html,LABEL_1,0.5343
doc_2929.html,LABEL_0,0.6365
doc_2930.html,LABEL_0,0.5684
doc_2931.html,LABEL_0,0.6479
doc_2932.html,LABEL_0,0.6668
doc_2933.html,LABEL_0,0.6126
doc_2934.html,LABEL_0,0.7425
doc_2935.html,LABEL_0,0.5793
doc_2936.html,LABEL_0,0.6028
doc_2937.html,LABEL_0,0.6764
doc_2938.html,LABEL_0,0.7237
doc_2939.html,LABEL_0,0.7469
doc_2940.html,LABEL_0,0.6036
doc_2941.html,LABEL_0,0.6701
doc_2942.html,LABEL_0,0.6154
doc_2943.html,LABEL_0,0.6505
doc_2944.html,LABEL_0,0.6952
doc_2945.html,LABEL_0,0.5386
doc_2946.html,LABEL_0,0.6221
doc_2947.html,LABEL_0,0.6623
doc_2948.html,LABEL_0,0.6201
doc_2949.html,LABEL_0,0.7359
doc_2950.html,LABEL_0,0.5232
doc_2951.html,LABEL_0,0.6666
doc_2952.html,LABEL_0,0.6914
doc_2953.html,LABEL_0,0.6822
doc_2954.html,LABEL_0,0.6399
doc_2955.html,LABEL_0,0.5937
doc_2956.html,LABEL_0,0.6823
doc_2957.html,LABEL_0,0.6054
doc_2958.html,LABEL_0,0.7448
doc_2959.html,LABEL_0,0.6168
doc_2960.html,LABEL_0,0.5989
doc_2961.html,LABEL_0,0.7366
doc_2962.html,LABEL_0,0.608
doc_2963.html,LABEL_0,0.6766
doc_2964.html,LABEL_0,0.5872
doc_2965.html,LABEL_0,0.5535
doc_2966.html,LABEL_0,0.675
doc_2967.html,LABEL_0,0.6144
doc_2968.html,LABEL_0,0.6347
doc_2969.html,LABEL_0,0.5231
doc_2970.html,LABEL_0,0.6053
doc_2971.html,LABEL_0,0.6314
doc_2972.html,LABEL_0,0.6404
doc_2973.html,LABEL_0,0.6519
doc_2974.html,LABEL_0,0.5565
doc_2975.html,LABEL_0,0.6232
doc_2976.html,LABEL_0,0.5621
doc_2977.html,LABEL_0,0.6238
doc_2978.html,LABEL_1,0.5031
doc_2979.html,LABEL_0,0.6214
doc_2980.html,LABEL_0,0.7095
doc_2981.html,LABEL_0,0.6207
doc_2982.html,LABEL_0,0.6113
doc_2983.html,LABEL_0,0.5369
doc_2984.html,LABEL_0,0.5869
doc_2985.html,LABEL_0,0.712
doc_2986.html,LABEL_0,0.6833
doc_2987.html,LABEL_0,0.5287
doc_2988.html,LABEL_1,0.5011
doc_2989.html,LABEL_0,0.593
doc_2990.html,LABEL_0,0.5636
doc_2991.html,LABEL_1,0.6057
doc_2992.html,LABEL_0,0.6503
doc_2993.html,LABEL_0,0.7182
doc_2994.html,LABEL_1,0.5267
doc_2995.html,LABEL_0,0.5994
doc_2996.html,LABEL_0,0.7014
doc_2997.html,LABEL_0,0.6034
doc_2998.html,LABEL_0,0.6474
doc_2999.html,LABEL_0,0.5601
doc_3000.html,LABEL_0,0.557
doc_3001.html,LABEL_0,0.517
doc_3002.html,LABEL_0,0.5741
doc_3003.html,LABEL_0,0.726
doc_3004.html,LABEL_0,0.7133
doc_3005.html,LABEL_0,0.6919
doc_3006.html,LABEL_1,0.6935
doc_3007.html,LABEL_0,0.6077
doc_3008.html,LABEL_0,0.5827
doc_3009.html,LABEL_0,0.6023
doc_3010.html,LABEL_0,0.6677
doc_3011.html,LABEL_0,0.7261
doc_3012.html,LABEL_0,0.5983
doc_3013.html,LABEL_0,0.6314
doc_3014.html,LABEL_0,0.6953
doc_3015.html,LABEL_0,0.5578
doc_3016.html,LABEL_0,0.5501
doc_3017.html,LABEL_0,0.5844
doc_3018.html,LABEL_0,0.6026
doc_3019.html,LABEL_0,0.6174
doc_3020.html,LABEL_0,0.6509
doc_3021.html,LABEL_0,0.6752
doc_3022.html,LABEL_0,0.6594
doc_3023.html,LABEL_0,0.6103
doc_3024.html,LABEL_0,0.6065
doc_3025.html,LABEL_0,0.5944
doc_3026.html,LABEL_0,0.5692
doc_3027.html,LABEL_0,0.6248
doc_3028.html,LABEL_0,0.715
doc_3029.html,LABEL_0,0.6179
doc_3030.html,LABEL_0,0.6408
doc_3031.html,LABEL_1,0.5752
doc_3032.html,LABEL_1,0.5112
doc_3033.html,LABEL_0,0.5479
doc_3034.html,LABEL_0,0.6546
doc_3035.html,LABEL_0,0.6275
doc_3036.html,LABEL_0,0.5753
doc_3037.html,LABEL_0,0.5594
doc_3038.html,LABEL_1,0.59
doc_3039.html,LABEL_0,0.5765
doc_3040.html,LABEL_0,0.5783
doc_3041.html,LABEL_1,0.6553
doc_3042.html,LABEL_0,0.6355
doc_3043.html,LABEL_0,0.7425
doc_3044.html,LABEL_0,0.6679
doc_3045.html,LABEL_0,0.66
doc_3046.html,LABEL_0,0.5918
doc_3047.html,LABEL_0,0.667
doc_3048.html,LABEL_0,0.6256
doc_3049.html,LABEL_0,0.677
doc_3050.html,LABEL_0,0.6374
doc_3051.html,LABEL_0,0.6113
doc_3052.html,LABEL_1,0.5931
doc_3053.html,LABEL_0,0.5341
doc_3054.html,LABEL_0,0.6676
doc_3055.html,LABEL_0,0.6119
doc_3056.html,LABEL_0,0.6732
doc_3057.html,LABEL_0,0.574
doc_3058.html,LABEL_0,0.5742
doc_3059.html,LABEL_0,0.6768
doc_3060.html,LABEL_0,0.7813
doc_3061.html,LABEL_0,0.6467
doc_3062.html,LABEL_0,0.6135
doc_3063.html,LABEL_0,0.6014
doc_3064.html,LABEL_0,0.6211
doc_3065.html,LABEL_1,0.6318
doc_3066.html,LABEL_0,0.6588
doc_3067.html,LABEL_0,0.6711
doc_3068.html,LABEL_0,0.6706
doc_3069.html,LABEL_0,0.6187
doc_3070.html,LABEL_0,0.5382
doc_3071.html,LABEL_0,0.7367
doc_3072.html,LABEL_0,0.6606
doc_3073.html,LABEL_0,0.583
doc_3074.html,LABEL_0,0.6607
doc_3075.html,LABEL_0,0.6238
doc_3076.html,LABEL_0,0.6259
doc_3077.html,LABEL_0,0.7228
doc_3078.html,LABEL_0,0.7542
doc_3079.html,LABEL_0,0.5674
doc_3080.html,LABEL_0,0.7372
doc_3081.html,LABEL_0,0.6748
doc_3082.html,LABEL_0,0.6184
doc_3083.html,LABEL_1,0.706
doc_3084.html,LABEL_0,0.5169
doc_3085.html,LABEL_0,0.6394
doc_3086.html,LABEL_0,0.6237
doc_3087.html,LABEL_0,0.6773
doc_3088.html,LABEL_0,0.6427
doc_3089.html,LABEL_0,0.7082
doc_3090.html,LABEL_0,0.5533
doc_3091.html,LABEL_0,0.7093
doc_3092.html,LABEL_0,0.5601
doc_3093.html,LABEL_0,0.5916
doc_3094.html,LABEL_0,0.6386
doc_3095.html,LABEL_0,0.5833
doc_3096.html,LABEL_0,0.5489
doc_3097.html,LABEL_0,0.6589
doc_3098.html,LABEL_0,0.5995
doc_3099.html,LABEL_0,0.6885
doc_3100.html,LABEL_1,0.5272
doc_3101.html,LABEL_0,0.6302
doc_3102.html,LABEL_0,0.638
doc_3103.html,LABEL_0,0.6809
doc_3104.html,LABEL_0,0.5966
doc_3105.html,LABEL_0,0.5704
doc_3106.html,LABEL_1,0.7307
doc_3107.html,LABEL_0,0.5672
doc_3108.html,LABEL_0,0.558
doc_3109.html,LABEL_0,0.6161
doc_3110.html,LABEL_0,0.5781
doc_3111.html,LABEL_0,0.5805
doc_3112.html,LABEL_0,0.6778
doc_3113.html,LABEL_0,0.6191
doc_3114.html,LABEL_0,0.6277
doc_3115.html,LABEL_0,0.7036
doc_3116.html,LABEL_1,0.5635
doc_3117.html,LABEL_0,0.6211
doc_3118.html,LABEL_0,0.5728
doc_3119.html,LABEL_0,0.5164
doc_3120.html,LABEL_0,0.6006
doc_3121.html,LABEL_0,0.6012
doc_3122.html,LABEL_1,0.5506
doc_3123.html,LABEL_0,0.5725
doc_3124.html,LABEL_0,0.6748
doc_3125.html,LABEL_0,0.5792
doc_3126.html,LABEL_0,0.6574
doc_3127.html,LABEL_0,0.6291
doc_3128.html,LABEL_0,0.597
doc_3129.html,LABEL_0,0.5942
doc_3130.html,LABEL_0,0.5858
doc_3131.html,LABEL_0,0.6655
doc_3132.html,LABEL_0,0.6003
doc_3133.html,LABEL_0,0.6306
doc_3134.html,LABEL_0,0.6697
doc_3135.html,LABEL_0,0.6336
doc_3136.html,LABEL_0,0.6432
doc_3137.html,LABEL_0,0.6372
doc_3138.html,LABEL_0,0.6333
doc_3139.html,LABEL_0,0.7155
doc_3140.html,LABEL_0,0.605
doc_3141.html,LABEL_0,0.592
doc_3142.html,LABEL_0,0.6122
doc_3143.html,LABEL_0,0.575
doc_3144.html,LABEL_0,0.5816
doc_3145.html,LABEL_0,0.7198
doc_3146.html,LABEL_0,0.6609
doc_3147.html,LABEL_0,0.55
doc_3148.html,LABEL_0,0.6459
doc_3149.html,LABEL_0,0.5444
doc_3150.html,LABEL_0,0.6168
doc_3151.html,LABEL_0,0.5304
doc_3152.html,LABEL_0,0.7393
doc_3153.html,LABEL_0,0.5527
doc_3154.html,LABEL_0,0.5513
doc_3155.html,LABEL_0,0.5437
doc_3156.html,LABEL_1,0.5022
doc_3157.html,LABEL_0,0.6369
doc_3158.html,LABEL_0,0.6074
doc_3159.html,LABEL_0,0.569
doc_3160.html,LABEL_0,0.5941
doc_3161.html,LABEL_0,0.6977
doc_3162.html,LABEL_0,0.7354
doc_3163.html,LABEL_0,0.6928
doc_3164.html,LABEL_0,0.6198
doc_3165.html,LABEL_0,0.5623
doc_3166.html,LABEL_1,0.614
doc_3167.html,LABEL_0,0.5023
doc_3168.html,LABEL_0,0.6649
doc_3169.html,LABEL_0,0.6225
doc_3170.html,LABEL_0,0.6967
doc_3171.html,LABEL_0,0.6642
doc_3172.html,LABEL_0,0.7424
doc_3173.html,LABEL_0,0.6499
doc_3174.html,LABEL_0,0.6154
doc_3175.html,LABEL_0,0.5148
doc_3176.html,LABEL_0,0.7061
doc_3177.html,LABEL_0,0.6689
doc_3178.html,LABEL_0,0.6357
doc_3179.html,LABEL_0,0.5878
doc_3180.html,LABEL_0,0.6437
doc_3181.html,LABEL_0,0.5149
doc_3182.html,LABEL_0,0.5057
doc_3183.html,LABEL_0,0.5863
doc_3184.html,LABEL_0,0.6554
doc_3185.html,LABEL_0,0.6855
doc_3186.html,LABEL_0,0.6663
doc_3187.html,LABEL_0,0.6139
doc_3188.html,LABEL_0,0.5842
doc_3189.html,LABEL_0,0.6096
doc_3190.html,LABEL_0,0.5961
doc_3191.html,LABEL_0,0.5997
doc_3192.html,LABEL_0,0.6732
doc_3193.html,LABEL_1,0.5277
doc_3194.html,LABEL_0,0.5986
doc_3195.html,LABEL_0,0.6917
doc_3196.html,LABEL_0,0.6636
doc_3197.html,LABEL_1,0.5552
doc_3198.html,LABEL_0,0.5784
doc_3199.html,LABEL_1,0.5307
doc_3200.html,LABEL_0,0.7159
doc_3201.html,LABEL_0,0.6428
doc_3202.html,LABEL_0,0.6486
doc_3203.html,LABEL_0,0.741
doc_3204.html,LABEL_0,0.5858
doc_3205.html,LABEL_0,0.5768
doc_3206.html,LABEL_0,0.7112
doc_3207.html,LABEL_0,0.5353
doc_3208.html,LABEL_0,0.6226
doc_3209.html,LABEL_0,0.6572
doc_3210.html,LABEL_0,0.5376
doc_3211.html,LABEL_0,0.5943
doc_3212.html,LABEL_0,0.5865
doc_3213.html,LABEL_0,0.5287
doc_3214.html,LABEL_0,0.5135
doc_3215.html,LABEL_0,0.5594
doc_3216.html,LABEL_0,0.6326
doc_3217.html,LABEL_0,0.6586
doc_3218.html,LABEL_0,0.6035
doc_3219.html,LABEL_0,0.5879
doc_3220.html,LABEL_0,0.5777
doc_3221.html,LABEL_1,0.5905
doc_3222.html,LABEL_0,0.6611
doc_3223.html,LABEL_0,0.7304
doc_3224.html,LABEL_0,0.6084
doc_3225.html,LABEL_0,0.6439
doc_3226.html,LABEL_0,0.5979
doc_3227.html,LABEL_0,0.6058
doc_3228.html,LABEL_0,0.5463
doc_3229.html,LABEL_0,0.6242
doc_3230.html,LABEL_0,0.63
doc_3231.html,LABEL_0,0.6305
doc_3232.html,LABEL_0,0.6818
doc_3233.html,LABEL_0,0.5916
doc_3234.html,LABEL_0,0.6475
doc_3235.html,LABEL_0,0.6315
doc_3236.html,LABEL_0,0.666
doc_3237.html,LABEL_0,0.5804
doc_3238.html,LABEL_0,0.6573
doc_3239.html,LABEL_1,0.5796
doc_3240.html,LABEL_0,0.6714
doc_3241.html,LABEL_0,0.5969
doc_3242.html,LABEL_0,0.6924
doc_3243.html,LABEL_0,0.6888
doc_3244.html,LABEL_0,0.6733
doc_3245.html,LABEL_0,0.7233
doc_3246.html,LABEL_0,0.6325
doc_3247.html,LABEL_0,0.7078
doc_3248.html,LABEL_0,0.7671
doc_3249.html,LABEL_0,0.6802
doc_3250.html,LABEL_0,0.6107
doc_3251.html,LABEL_0,0.6135
doc_3252.html,LABEL_0,0.6762
doc_3253.html,LABEL_1,0.505
doc_3254.html,LABEL_0,0.5766
doc_3255.html,LABEL_0,0.6072
doc_3256.html,LABEL_0,0.6334
doc_3257.html,LABEL_0,0.7125
doc_3258.html,LABEL_0,0.5847
doc_3259.html,LABEL_0,0.5349
doc_3260.html,LABEL_0,0.6036
doc_3261.html,LABEL_0,0.6223
doc_3262.html,LABEL_0,0.7122
doc_3263.html,LABEL_0,0.6765
doc_3264.html,LABEL_0,0.6333
doc_3265.html,LABEL_0,0.7717
doc_3266.html,LABEL_0,0.5086
doc_3267.html,LABEL_0,0.578
doc_3268.html,LABEL_0,0.646
doc_3269.html,LABEL_0,0.6866
doc_3270.html,LABEL_0,0.645
doc_3271.html,LABEL_0,0.6323
doc_3272.html,LABEL_0,0.6777
doc_3273.html,LABEL_0,0.6268
doc_3274.html,LABEL_1,0.5177
doc_3275.html,LABEL_0,0.609
doc_3276.html,LABEL_0,0.6575
doc_3277.html,LABEL_0,0.5944
doc_3278.html,LABEL_0,0.5093
doc_3279.html,LABEL_0,0.675
doc_3280.html,LABEL_0,0.6913
doc_3281.html,LABEL_0,0.634
doc_3282.html,LABEL_0,0.5899
doc_3283.html,LABEL_1,0.5111
doc_3284.html,LABEL_0,0.6161
doc_3285.html,LABEL_0,0.6438
doc_3286.html,LABEL_0,0.5936
doc_3287.html,LABEL_0,0.6047
doc_3288.html,LABEL_0,0.6038
doc_3289.html,LABEL_0,0.5703
doc_3290.html,LABEL_0,0.7177
doc_3291.html,LABEL_0,0.62
doc_3292.html,LABEL_0,0.5817
doc_3293.html,LABEL_0,0.7574
doc_3294.html,LABEL_0,0.6043
doc_3295.html,LABEL_0,0.6374
doc_3296.html,LABEL_0,0.7505
doc_3297.html,LABEL_1,0.6166
doc_3298.html,LABEL_0,0.5605
doc_3299.html,LABEL_0,0.7697
doc_3300.html,LABEL_0,0.6131
doc_3301.html,LABEL_0,0.5952
doc_3302.html,LABEL_0,0.5463
doc_3303.html,LABEL_0,0.6752
doc_3304.html,LABEL_0,0.6292
doc_3305.html,LABEL_0,0.5924
doc_3306.html,LABEL_0,0.6644
doc_3307.html,LABEL_0,0.7557
doc_3308.html,LABEL_0,0.7238
doc_3309.html,LABEL_0,0.7179
doc_3310.html,LABEL_0,0.5289
doc_3311.html,LABEL_0,0.5937
doc_3312.html,LABEL_0,0.7722
doc_3313.html,LABEL_0,0.6965
doc_3314.html,LABEL_0,0.6631
doc_3315.html,LABEL_0,0.6588
doc_3316.html,LABEL_0,0.6817
doc_3317.html,LABEL_0,0.6304
doc_3318.html,LABEL_0,0.6212
doc_3319.html,LABEL_0,0.6061
doc_3320.html,LABEL_0,0.7129
doc_3321.html,LABEL_0,0.6877
doc_3322.html,LABEL_0,0.6369
doc_3323.html,LABEL_0,0.6124
doc_3324.html,LABEL_1,0.5069
doc_3325.html,LABEL_0,0.5825
doc_3326.html,LABEL_0,0.6207
doc_3327.html,LABEL_0,0.602
doc_3328.html,LABEL_1,0.5576
doc_3329.html,LABEL_0,0.6556
doc_3330.html,LABEL_0,0.5888
doc_3331.html,LABEL_0,0.6843
doc_3332.html,LABEL_0,0.5824
doc_3333.html,LABEL_0,0.5932
doc_3334.html,LABEL_0,0.5165
doc_3335.html,LABEL_0,0.7583
doc_3336.html,LABEL_0,0.6629
doc_3337.html,LABEL_0,0.5932
doc_3338.html,LABEL_0,0.5643
doc_3339.html,LABEL_0,0.6661
doc_3340.html,LABEL_0,0.6631
doc_3341.html,LABEL_0,0.6759
doc_3342.html,LABEL_0,0.6852
doc_3343.html,LABEL_0,0.7093
doc_3344.html,LABEL_0,0.6201
doc_3345.html,LABEL_0,0.6552
doc_3346.html,LABEL_0,0.6602
doc_3347.html,LABEL_0,0.637
doc_3348.html,LABEL_0,0.6435
doc_3349.html,LABEL_0,0.5914
doc_3350.html,LABEL_0,0.6449
doc_3351.html,LABEL_0,0.539
doc_3352.html,LABEL_0,0.7023
doc_3353.html,LABEL_0,0.6159
doc_3354.html,LABEL_0,0.6789
doc_3355.html,LABEL_1,0.5116
doc_3356.html,LABEL_1,0.5793
doc_3357.html,LABEL_0,0.5274
doc_3358.html,LABEL_0,0.6965
doc_3359.html,LABEL_0,0.5849
doc_3360.html,LABEL_0,0.7324
doc_3361.html,LABEL_0,0.6062
doc_3362.html,LABEL_0,0.6571
doc_3363.html,LABEL_0,0.6161
doc_3364.html,LABEL_0,0.6404
doc_3365.html,LABEL_0,0.5961
doc_3366.html,LABEL_0,0.6588
doc_3367.html,LABEL_0,0.6959
doc_3368.html,LABEL_0,0.587
doc_3369.html,LABEL_0,0.5476
doc_3370.html,LABEL_0,0.7149
doc_3371.html,LABEL_0,0.5209
doc_3372.html,LABEL_0,0.6414
doc_3373.html,LABEL_0,0.5472
doc_3374.html,LABEL_0,0.687
doc_3375.html,LABEL_0,0.664
doc_3376.html,LABEL_1,0.6661
doc_3377.html,LABEL_1,0.6661
doc_3378.html,LABEL_1,0.5381
doc_3379.html,LABEL_0,0.7256
doc_3380.html,LABEL_0,0.6718
doc_3381.html,LABEL_0,0.632
doc_3382.html,LABEL_0,0.5211
doc_3383.html,LABEL_0,0.5367
doc_3384.html,LABEL_1,0.584
doc_3385.html,LABEL_0,0.5985
doc_3386.html,LABEL_0,0.6797
doc_3387.html,LABEL_0,0.5879
doc_3388.html,LABEL_0,0.6514
doc_3389.html,LABEL_0,0.6863
doc_3390.html,LABEL_1,0.6185
doc_3391.html,LABEL_0,0.7031
doc_3392.html,LABEL_0,0.5566
doc_3393.html,LABEL_1,0.5593
doc_3394.html,LABEL_0,0.5237
doc_3395.html,LABEL_0,0.5869
doc_3396.html,LABEL_0,0.609
doc_3397.html,LABEL_0,0.5985
doc_3398.html,LABEL_0,0.5805
doc_3399.html,LABEL_0,0.7072
doc_3400.html,LABEL_0,0.6581
doc_3401.html,LABEL_0,0.6784
doc_3402.html,LABEL_0,0.6279
doc_3403.html,LABEL_0,0.7207
doc_3404.html,LABEL_0,0.6654
doc_3405.html,LABEL_0,0.6773
doc_3406.html,LABEL_0,0.6692
doc_3407.html,LABEL_0,0.608
doc_3408.html,LABEL_0,0.6131
doc_3409.html,LABEL_0,0.6654
doc_3410.html,LABEL_0,0.7046
doc_3411.html,LABEL_0,0.6581
doc_3412.html,LABEL_0,0.6146
doc_3413.html,LABEL_0,0.7028
doc_3414.html,LABEL_0,0.5155
doc_3415.html,LABEL_0,0.5432
doc_3416.html,LABEL_0,0.5827
doc_3417.html,LABEL_1,0.5639
doc_3418.html,LABEL_0,0.6406
doc_3419.html,LABEL_0,0.6722
doc_3420.html,LABEL_0,0.6517
doc_3421.html,LABEL_0,0.6365
doc_3422.html,LABEL_0,0.596
doc_3423.html,LABEL_0,0.6469
doc_3424.html,LABEL_1,0.7249
doc_3425.html,LABEL_0,0.5429
doc_3426.html,LABEL_0,0.5393
doc_3427.html,LABEL_0,0.6125
doc_3428.html,LABEL_0,0.547
doc_3429.html,LABEL_0,0.7001
doc_3430.html,LABEL_0,0.629
doc_3431.html,LABEL_0,0.6568
doc_3432.html,LABEL_0,0.6067
doc_3433.html,LABEL_0,0.6031
doc_3434.html,LABEL_0,0.6989
doc_3435.html,LABEL_0,0.6513
doc_3436.html,LABEL_0,0.6062
doc_3437.html,LABEL_0,0.7154
doc_3438.html,LABEL_0,0.5236
doc_3439.html,LABEL_0,0.6853
doc_3440.html,LABEL_1,0.6574
doc_3441.html,LABEL_0,0.6584
doc_3442.html,LABEL_0,0.5586
doc_3443.html,LABEL_0,0.6195
doc_3444.html,LABEL_0,0.6947
doc_3445.html,LABEL_0,0.6338
doc_3446.html,LABEL_0,0.5728
doc_3447.html,LABEL_0,0.657
doc_3448.html,LABEL_0,0.6926
doc_3449.html,LABEL_0,0.6014
doc_3450.html,LABEL_0,0.6687
doc_3451.html,LABEL_0,0.5737
doc_3452.html,LABEL_0,0.6688
doc_3453.html,LABEL_0,0.688
doc_3454.html,LABEL_0,0.665
doc_3455.html,LABEL_0,0.605
doc_3456.html,LABEL_0,0.5562
doc_3457.html,LABEL_0,0.5888
doc_3458.html,LABEL_0,0.581
doc_3459.html,LABEL_0,0.7234
doc_3460.html,LABEL_0,0.6245
doc_3461.html,LABEL_0,0.6518
doc_3462.html,LABEL_0,0.6512
doc_3463.html,LABEL_0,0.6319
doc_3464.html,LABEL_0,0.6153
doc_3465.html,LABEL_0,0.503
doc_3466.html,LABEL_0,0.7396
doc_3467.html,LABEL_0,0.7385
doc_3468.html,LABEL_0,0.5442
doc_3469.html,LABEL_0,0.6614
doc_3470.html,LABEL_0,0.679
doc_3471.html,LABEL_0,0.6991
doc_3472.html,LABEL_0,0.5747
doc_3473.html,LABEL_0,0.5839
doc_3474.html,LABEL_0,0.6634
doc_3475.html,LABEL_0,0.6828
doc_3476.html,LABEL_1,0.5997
doc_3477.html,LABEL_0,0.5266
doc_3478.html,LABEL_0,0.559
doc_3479.html,LABEL_1,0.559
doc_3480.html,LABEL_0,0.5801
doc_3481.html,LABEL_0,0.6083
doc_3482.html,LABEL_0,0.689
doc_3483.html,LABEL_0,0.578
doc_3484.html,LABEL_0,0.6242
doc_3485.html,LABEL_0,0.6584
doc_3486.html,LABEL_0,0.7767
doc_3487.html,LABEL_0,0.676
doc_3488.html,LABEL_0,0.7354
doc_3489.html,LABEL_0,0.6726
doc_3490.html,LABEL_0,0.5644
doc_3491.html,LABEL_0,0.5726
doc_3492.html,LABEL_0,0.6944
doc_3493.html,LABEL_0,0.7011
doc_3494.html,LABEL_0,0.7319
doc_3495.html,LABEL_0,0.641
doc_3496.html,LABEL_0,0.614
doc_3497.html,LABEL_0,0.6834
doc_3498.html,LABEL_0,0.6437
doc_3499.html,LABEL_0,0.5205
doc_3500.html,LABEL_0,0.5616
doc_3501.html,LABEL_0,0.6224
doc_3502.html,LABEL_0,0.6514
doc_3503.html,LABEL_0,0.6867
doc_3504.html,LABEL_0,0.6766
doc_3505.html,LABEL_0,0.6064
doc_3506.html,LABEL_0,0.5647
doc_3507.html,LABEL_0,0.6895
doc_3508.html,LABEL_0,0.7039
doc_3509.html,LABEL_0,0.6398
doc_3510.html,LABEL_0,0.5926
doc_3511.html,LABEL_1,0.5755
doc_3512.html,LABEL_0,0.6843
doc_3513.html,LABEL_0,0.5328
doc_3514.html,LABEL_0,0.6552
doc_3515.html,LABEL_0,0.6229
doc_3516.html,LABEL_0,0.6208
doc_3517.html,LABEL_0,0.5944
doc_3518.html,LABEL_0,0.6007
doc_3519.html,LABEL_0,0.7586
doc_3520.html,LABEL_0,0.6749
doc_3521.html,LABEL_0,0.5394
doc_3522.html,LABEL_0,0.5545
doc_3523.html,LABEL_0,0.5356
doc_3524.html,LABEL_0,0.5818
doc_3525.html,LABEL_1,0.533
doc_3526.html,LABEL_0,0.5364
doc_3527.html,LABEL_0,0.6336
doc_3528.html,LABEL_0,0.5788
doc_3529.html,LABEL_0,0.6666
doc_3530.html,LABEL_0,0.6609
doc_3531.html,LABEL_1,0.6038
doc_3532.html,LABEL_1,0.5767
doc_3533.html,LABEL_0,0.5937
doc_3534.html,LABEL_0,0.6421
doc_3535.html,LABEL_0,0.6611
doc_3536.html,LABEL_0,0.5992
doc_3537.html,LABEL_0,0.5615
doc_3538.html,LABEL_0,0.6786
doc_3539.html,LABEL_0,0.6846
doc_3540.html,LABEL_0,0.5789
doc_3541.html,LABEL_0,0.5396
doc_3542.html,LABEL_0,0.6613
doc_3543.html,LABEL_0,0.5699
doc_3544.html,LABEL_0,0.7452
doc_3545.html,LABEL_0,0.6459
doc_3546.html,LABEL_0,0.6324
doc_3547.html,LABEL_0,0.5458
doc_3548.html,LABEL_0,0.6088
doc_3549.html,LABEL_1,0.5845
doc_3550.html,LABEL_0,0.7372
doc_3551.html,LABEL_0,0.6279
doc_3552.html,LABEL_0,0.6817
doc_3553.html,LABEL_0,0.5843
doc_3554.html,LABEL_0,0.6358
doc_3555.html,LABEL_0,0.6774
doc_3556.html,LABEL_0,0.5855
doc_3557.html,LABEL_0,0.6544
doc_3558.html,LABEL_0,0.5382
doc_3559.html,LABEL_0,0.6278
doc_3560.html,LABEL_0,0.6887
doc_3561.html,LABEL_1,0.7249
doc_3562.html,LABEL_0,0.6186
doc_3563.html,LABEL_0,0.6333
doc_3564.html,LABEL_0,0.5262
doc_3565.html,LABEL_0,0.5672
doc_3566.html,LABEL_0,0.6589
doc_3567.html,LABEL_0,0.5686
doc_3568.html,LABEL_0,0.6608
doc_3569.html,LABEL_0,0.6314
doc_3570.html,LABEL_0,0.6752
doc_3571.html,LABEL_0,0.6518
doc_3572.html,LABEL_0,0.7564
doc_3573.html,LABEL_0,0.6975
doc_3574.html,LABEL_0,0.633
doc_3575.html,LABEL_0,0.6923
doc_3576.html,LABEL_0,0.6297
doc_3577.html,LABEL_0,0.5195
doc_3578.html,LABEL_0,0.5942
doc_3579.html,LABEL_1,0.5797
doc_3580.html,LABEL_0,0.6138
doc_3581.html,LABEL_0,0.6729
doc_3582.html,LABEL_0,0.5951
doc_3583.html,LABEL_0,0.5585
doc_3584.html,LABEL_0,0.5999
doc_3585.html,LABEL_1,0.5146
doc_3586.html,LABEL_0,0.7128
doc_3587.html,LABEL_0,0.6148
doc_3588.html,LABEL_0,0.5624
doc_3589.html,LABEL_0,0.6734
doc_3590.html,LABEL_0,0.5982
doc_3591.html,LABEL_0,0.6873
doc_3592.html,LABEL_0,0.6796
